date,close,open,high,low,volume,average,barCount
2016-11-10,193.5704345703125,,,,,,
2016-11-11,193.5704345703125,,,,,,
2016-11-14,176.85687255859375,,,,,,
2016-11-15,176.85687255859375,,,,,,
2016-11-16,192.0014038085937,,,,,,
2016-11-17,194.42315673828125,,,,,,
2016-11-18,193.92002868652344,,,,,,
2016-11-21,194.7642822265625,,,,,,
2016-11-22,195.9154052734375,,,,,,
2016-11-23,196.9813537597656,,,,,,
2016-11-25,199.36045837402344,,,,,,
2016-11-28,199.3689880371093,,,,,,
2016-11-29,200.7760467529297,,,,,,
2016-11-30,200.7760467529297,,,,,,
2016-12-01,186.2710418701172,,,,,,
2016-12-02,180.01197814941406,,,,,,
2016-12-05,185.0174865722656,,,,,,
2016-12-06,181.8026580810547,,,,,,
2016-12-07,181.8026580810547,,,,,,
2016-12-08,189.18736267089844,,,,,,
2016-12-09,189.18736267089844,,,,,,
2016-12-12,189.18736267089844,,,,,,
2016-12-13,185.929916381836,,,,,,
2016-12-14,179.0995330810547,,,,,,
2016-12-15,171.9962615966797,,,,,,
2016-12-16,168.24424743652344,,,,,,
2016-12-19,168.24424743652344,,,,,,
2016-12-20,167.25506591796875,,,,,,
2016-12-21,167.25506591796875,,,,,,
2016-12-22,167.25506591796875,,,,,,
2016-12-23,167.25506591796875,,,,,,
2016-12-27,169.77915954589844,,,,,,
2016-12-28,169.77915954589844,,,,,,
2016-12-29,169.77915954589844,,,,,,
2016-12-30,169.01168823242188,,,,,,
2017-01-03,173.3606719970703,,,,,,
2017-01-04,175.06613159179688,,,,,,
2017-01-05,188.53927612304688,,,,,,
2017-01-06,188.53927612304688,,,,,,
2017-01-09,190.6455535888672,,,,,,
2017-01-10,190.6455535888672,,,,,,
2017-01-11,195.14794921875,,,,,,
2017-01-12,188.53927612304688,,,,,,
2017-01-13,188.53927612304688,,,,,,
2017-01-17,188.53927612304688,,,,,,
2017-01-18,188.53927612304688,,,,,,
2017-01-19,177.8034210205078,,,,,,
2017-01-20,177.8034210205078,,,,,,
2017-01-23,177.8034210205078,,,,,,
2017-01-24,202.60940551757807,,,,,,
2017-01-25,203.9737701416016,,,,,,
2017-01-26,202.60940551757807,,,,,,
2017-01-27,202.60940551757807,,,,,,
2017-01-30,196.8960876464844,,,,,,
2017-01-31,201.0232849121093,,,,,,
2017-02-01,204.0590209960937,,,,,,
2017-02-02,201.36441040039065,,,,,,
2017-02-03,201.36441040039065,,,,,,
2017-02-06,201.36441040039065,,,,,,
2017-02-07,201.36441040039065,,,,,,
2017-02-08,201.36441040039065,,,,,,
2017-02-09,201.36441040039065,,,,,,
2017-02-10,217.0205841064453,,,,,,
2017-02-13,219.288803100586,,,,,,
2017-02-14,216.6965484619141,,,,,,
2017-02-15,216.6965484619141,,,,,,
2017-02-16,216.6965484619141,,,,,,
2017-02-17,220.85787963867188,,,,,,
2017-02-21,223.58663940429688,,,,,,
2017-02-22,229.8968200683593,,,,,,
2017-02-23,222.2222442626953,,,,,,
2017-02-24,218.72604370117188,,,,,,
2017-02-27,219.91989135742188,,,,,,
2017-02-28,219.91989135742188,,,,,,
2017-03-01,227.08282470703125,,,,,,
2017-03-02,227.08282470703125,,,,,,
2017-03-03,222.3075256347656,,,,,,
2017-03-06,222.3075256347656,,,,,,
2017-03-07,222.3075256347656,,,,,,
2017-03-08,232.19918823242188,,,,,,
2017-03-09,224.3540802001953,,,,,,
2017-03-10,224.3540802001953,,,,,,
2017-03-13,238.6800079345703,,,,,,
2017-03-14,237.170654296875,,,,,,
2017-03-15,237.33270263671875,,,,,,
2017-03-16,247.1220245361328,,,,,,
2017-03-17,245.587158203125,,,,,,
2017-03-20,249.93614196777344,,,,,,
2017-03-21,238.7652740478516,,,,,,
2017-03-22,240.0443725585937,,,,,,
2017-03-23,240.0443725585937,,,,,,
2017-03-24,244.56385803222656,,,,,,
2017-03-27,244.49563598632807,,,,,,
2017-03-28,244.49563598632807,,,,,,
2017-03-29,244.49563598632807,,,,,,
2017-03-30,245.45068359375,,,,,,
2017-03-31,247.46316528320312,,,,,,
2017-04-03,247.7786560058593,,,,,,
2017-04-04,247.1220245361328,,,,,,
2017-04-05,247.1220245361328,,,,,,
2017-04-06,246.6104431152344,,,,,,
2017-04-07,245.8429412841797,,,,,,
2017-04-10,251.38563537597656,,,,,,
2017-04-11,251.55625915527344,,,,,,
2017-04-12,245.1266632080078,,,,,,
2017-04-13,247.65933227539065,,,,,,
2017-04-17,244.282455444336,,,,,,
2017-04-18,241.7497711181641,,,,,,
2017-04-19,245.2545318603516,,,,,,
2017-04-20,256.2463684082031,,,,,,
2017-04-21,258.9750671386719,,,,,,
2017-04-24,263.4945373535156,,,,,,
2017-04-25,273.6420288085937,,,,,,
2017-04-26,272.36297607421875,,,,,,
2017-04-27,277.9910583496094,,,,,,
2017-04-28,275.00640869140625,,,,,,
2017-05-01,287.79736328125,,,,,,
2017-05-02,280.3786315917969,,,,,,
2017-05-03,275.5522766113281,,,,,,
2017-05-04,272.533447265625,,,,,,
2017-05-05,277.052978515625,,,,,,
2017-05-08,285.06866455078125,,,,,,
2017-05-09,297.68914794921875,,,,,,
2017-05-10,304.510986328125,,,,,,
2017-05-11,301.9783630371094,,,,,,
2017-05-12,307.42730712890625,,,,,,
2017-05-15,308.9452819824219,,,,,,
2017-05-16,328.899169921875,,,,,,
2017-05-17,313.63525390625,,,,,,
2017-05-18,314.9996337890625,,,,,,
2017-05-19,331.1929931640625,,,,,,
2017-05-22,339.3878173828125,,,,,,
2017-05-23,328.1317443847656,,,,,,
2017-05-24,321.1734313964844,,,,,,
2017-05-25,326.98052978515625,,,,,,
2017-05-26,326.11920166015625,,,,,,
2017-05-30,317.8392333984375,,,,,,
2017-05-31,308.3482666015625,,,,,,
2017-06-01,316.7904357910156,,,,,,
2017-06-02,316.0740661621094,,,,,,
2017-06-05,321.32684326171875,,,,,,
2017-06-06,321.6594543457031,,,,,,
2017-06-07,334.2714233398437,,,,,,
2017-06-08,341.0079650878906,,,,,,
2017-06-09,319.94549560546875,,,,,,
2017-06-12,315.76708984375,,,,,,
2017-06-13,314.8631896972656,,,,,,
2017-06-14,306.642822265625,,,,,,
2017-06-15,296.7510986328125,,,,,,
2017-06-16,300.50311279296875,,,,,,
2017-06-19,317.6430969238281,,,,,,
2017-06-20,313.976318359375,,,,,,
2017-06-21,321.82147216796875,,,,,,
2017-06-22,323.2711486816406,,,,,,
2017-06-23,327.0401306152344,,,,,,
2017-06-26,325.33465576171875,,,,,,
2017-06-27,315.68182373046875,,,,,,
2017-06-28,319.3229675292969,,,,,,
2017-06-29,306.3785095214844,,,,,,
2017-06-30,309.3204040527344,,,,,,
2017-07-03,308.5188293457031,,,,,,
2017-07-05,310.2242431640625,,,,,,
2017-07-06,306.5575866699219,,,,,,
2017-07-07,306.1311950683594,,,,,,
2017-07-10,317.98419189453125,,,,,,
2017-07-11,323.441650390625,,,,,,
2017-07-12,338.0575561523437,,,,,,
2017-07-13,338.4071655273437,,,,,,
2017-07-14,348.72515869140625,,,,,,
2017-07-17,341.9800720214844,,,,,,
2017-07-18,354.48114013671875,,,,,,
2017-07-19,363.0085144042969,,,,,,
2017-07-20,360.0835876464844,,,,,,
2017-07-21,359.51226806640625,,,,,,
2017-07-24,369.1482238769531,,,,,,
2017-07-25,370.38470458984375,,,,,,
2017-07-26,379.5514831542969,,,,,,
2017-07-27,370.7342224121094,,,,,,
2017-07-28,388.6587219238281,,,,,,
2017-07-31,393.1952209472656,,,,,,
2017-08-01,394.0480041503906,,,,,,
2017-08-02,381.9391479492188,,,,,,
2017-08-03,387.3370056152344,,,,,,
2017-08-04,392.7689208984375,,,,,,
2017-08-07,414.6841125488281,,,,,,
2017-08-08,422.6997985839844,,,,,,
2017-08-09,425.0874633789063,,,,,,
2017-08-10,393.5363464355469,,,,,,
2017-08-11,396.5209045410156,,,,,,
2017-08-14,407.5211486816406,,,,,,
2017-08-15,403.0869140625,,,,,,
2017-08-16,414.0872802734375,,,,,,
2017-08-17,398.6526794433594,,,,,,
2017-08-18,405.0482177734375,,,,,,
2017-08-21,421.7106323242188,,,,,,
2017-08-22,422.41839599609375,,,,,,
2017-08-23,430.2892150878906,,,,,,
2017-08-24,423.5525512695313,,,,,,
2017-08-25,408.3738708496094,,,,,,
2017-08-28,391.4898071289063,,,,,,
2017-08-29,395.2418212890625,,,,,,
2017-08-30,408.0328369140625,,,,,,
2017-08-31,418.6919860839844,,,,,,
2017-09-01,426.1106872558594,,,,,,
2017-09-05,414.6841125488281,,,,,,
2017-09-06,419.4508972167969,,,,,,
2017-09-07,432.1651611328125,,,,,,
2017-09-08,423.8083801269531,,,,,,
2017-09-11,440.3513793945313,,,,,,
2017-09-12,450.0128784179688,,,,,,
2017-09-13,455.8710632324219,,,,,,
2017-09-14,456.9796447753906,,,,,,
2017-09-15,453.6540222167969,,,,,,
2017-09-18,464.2279052734375,,,,,,
2017-09-19,461.0728759765625,,,,,,
2017-09-20,455.6152648925781,,,,,,
2017-09-21,447.59967041015625,,,,,,
2017-09-22,448.7081604003906,,,,,,
2017-09-25,412.211181640625,,,,,,
2017-09-26,416.4748229980469,,,,,,
2017-09-27,425.0021667480469,,,,,,
2017-09-28,420.7043762207031,,,,,,
2017-09-29,426.537109375,,,,,,
2017-10-02,432.6597595214844,,,,,,
2017-10-03,447.34381103515625,,,,,,
2017-10-04,444.6150512695313,,,,,,
2017-10-05,445.9794616699219,,,,,,
2017-10-06,447.4204711914063,,,,,,
2017-10-09,449.3903198242188,,,,,,
2017-10-10,459.2394104003906,,,,,,
2017-10-11,457.7470397949219,,,,,,
2017-10-12,449.73150634765625,,,,,,
2017-10-13,462.6930541992188,,,,,,
2017-10-16,480.0887451171875,,,,,,
2017-10-17,465.5922546386719,,,,,,
2017-10-18,474.8017578125,,,,,,
2017-10-19,451.4369812011719,,,,,,
2017-10-20,449.9873046875,,,,,,
2017-10-23,442.90960693359375,,,,,,
2017-10-24,441.2893981933594,,,,,,
2017-10-25,422.6997985839844,,,,,,
2017-10-26,408.2886047363281,,,,,,
2017-10-27,406.6683654785156,,,,,,
2017-10-30,404.4939880371094,,,,,,
2017-10-31,418.265625,,,,,,
2017-11-01,426.3665161132813,,,,,,
2017-11-02,424.2346801757813,,,,,,
2017-11-03,431.9092712402344,,,,,,
2017-11-06,450.4136047363281,,,,,,
2017-11-07,450.4136047363281,,,,,,
2017-11-08,458.5998840332031,,,,,,
2017-11-09,453.9097900390625,,,,,,
2017-11-10,444.6150512695313,,,,,,
2017-11-13,455.1036071777344,,,,,,
2017-11-14,439.4986572265625,,,,,,
2017-11-15,447.5143432617188,,,,,,
2017-11-16,467.7241516113281,,,,,,
2017-11-17,470.7086181640625,,,,,,
2017-11-20,479.0654296875,,,,,,
2017-11-21,487.6781005859375,,,,,,
2017-11-22,489.2131042480469,,,,,,
2017-11-24,480.3445129394531,,,,,,
2017-11-27,460.390625,,,,,,
2017-11-28,453.9097900390625,,,,,,
2017-11-29,423.8936462402344,,,,,,
2017-11-30,418.0097351074219,,,,,,
2017-12-01,404.3660888671875,,,,,,
2017-12-04,393.4510192871094,,,,,,
2017-12-05,392.5982666015625,,,,,,
2017-12-06,391.39593505859375,,,,,,
2017-12-07,399.1643371582031,,,,,,
2017-12-08,404.962890625,,,,,,
2017-12-11,422.742431640625,,,,,,
2017-12-12,404.28076171875,,,,,,
2017-12-13,424.2973937988281,,,,,,
2017-12-14,414.3420104980469,,,,,,
2017-12-15,419.36376953125,,,,,,
2017-12-18,449.14208984375,,,,,,
2017-12-19,445.0894775390625,,,,,,
2017-12-20,442.4463806152344,,,,,,
2017-12-21,455.4853820800781,,,,,,
2017-12-22,455.2211608886719,,,,,,
2017-12-26,448.1730041503906,,,,,,
2017-12-27,451.6089172363281,,,,,,
2017-12-28,448.613525390625,,,,,,
2017-12-29,450.0231323242188,,,,,,
2018-01-02,489.4045715332031,,,,,,
2018-01-03,495.0430603027344,,,,,,
2018-01-04,505.8795471191406,,,,,,
2018-01-05,524.3103637695312,,,,,,
2018-01-08,536.9793090820312,,,,,,
2018-01-09,537.1557006835938,,,,,,
2018-01-10,522.618896484375,,,,,,
2018-01-11,527.7198486328125,,,,,,
2018-01-12,532.8385620117188,,,,,,
2018-01-16,529.7109985351562,,,,,,
2018-01-17,546.6707153320312,,,,,,
2018-01-18,545.9658203125,,,,,,
2018-01-19,551.6925048828125,,,,,,
2018-01-22,555.040283203125,,,,,,
2018-01-23,565.700439453125,,,,,,
2018-01-24,570.5460205078125,,,,,,
2018-01-25,581.735107421875,,,,,,
2018-01-26,606.747314453125,,,,,,
2018-01-29,586.0520629882812,,,,,,
2018-01-30,555.9213256835938,,,,,,
2018-01-31,564.467041015625,,,,,,
2018-02-01,540.5036010742188,,,,,,
2018-02-02,507.9939575195313,,,,,,
2018-02-05,475.6607360839844,,,,,,
2018-02-06,486.6734008789063,,,,,,
2018-02-07,465.1766662597656,,,,,,
2018-02-08,424.6498718261719,,,,,,
2018-02-09,440.2438049316406,,,,,,
2018-02-12,462.5335998535156,,,,,,
2018-02-13,486.0567626953125,,,,,,
2018-02-14,530.1075439453125,,,,,,
2018-02-15,542.177490234375,,,,,,
2018-02-16,530.4598388671875,,,,,,
2018-02-20,537.2437744140625,,,,,,
2018-02-21,546.053955078125,,,,,,
2018-02-22,537.2437744140625,,,,,,
2018-02-23,567.2421875,,,,,,
2018-02-26,555.7451782226562,,,,,,
2018-02-27,520.0639038085938,,,,,,
2018-02-28,515.8351440429688,,,,,,
2018-03-01,506.760498046875,,,,,,
2018-03-02,522.7247314453125,,,,,,
2018-03-05,523.8082275390625,,,,,,
2018-03-06,535.041259765625,,,,,,
2018-03-07,549.0493774414062,,,,,,
2018-03-08,551.9567260742188,,,,,,
2018-03-09,574.3346557617188,,,,,,
2018-03-12,577.5061645507812,,,,,,
2018-03-13,551.5162963867188,,,,,,
2018-03-14,560.3265380859375,,,,,,
2018-03-15,572.0437622070312,,,,,,
2018-03-16,573.1891479492188,,,,,,
2018-03-19,555.4807739257812,,,,,,
2018-03-20,580.325439453125,,,,,,
2018-03-21,574.6868896484375,,,,,,
2018-03-22,505.439208984375,,,,,,
2018-03-23,487.8188171386719,,,,,,
2018-03-26,516.451904296875,,,,,,
2018-03-27,473.2818908691406,,,,,,
2018-03-28,457.7760009765625,,,,,,
2018-03-29,473.8105773925781,,,,,,
2018-04-02,448.613525390625,,,,,,
2018-04-03,449.3183288574219,,,,,,
2018-04-04,455.044921875,,,,,,
2018-04-05,459.9786376953125,,,,,,
2018-04-06,438.3055419921875,,,,,,
2018-04-09,450.2874450683594,,,,,,
2018-04-10,474.0748596191406,,,,,,
2018-04-11,473.4581604003906,,,,,,
2018-04-12,467.7316284179688,,,,,,
2018-04-13,443.1512451171875,,,,,,
2018-04-16,443.8560791015625,,,,,,
2018-04-17,462.5335998535156,,,,,,
2018-04-18,459.8905029296875,,,,,,
2018-04-19,457.07122802734375,,,,,,
2018-04-20,442.1821594238281,,,,,,
2018-04-23,431.8741455078125,,,,,,
2018-04-24,421.6543884277344,,,,,,
2018-04-25,407.822509765625,,,,,,
2018-04-26,417.6897888183594,,,,,,
2018-04-27,424.9141845703125,,,,,,
2018-04-30,432.3147277832031,,,,,,
2018-05-01,433.2838439941406,,,,,,
2018-05-02,435.7507019042969,,,,,,
2018-05-03,428.9668273925781,,,,,,
2018-05-04,437.3365478515625,,,,,,
2018-05-07,457.3355712890625,,,,,,
2018-05-08,467.1148986816406,,,,,,
2018-05-09,459.7142639160156,,,,,,
2018-05-10,479.2728271484375,,,,,,
2018-05-11,470.2865295410156,,,,,,
2018-05-14,481.3873291015625,,,,,,
2018-05-15,456.8070068359375,,,,,,
2018-05-16,471.2556762695313,,,,,,
2018-05-17,462.62158203125,,,,,,
2018-05-18,449.4064025878906,,,,,,
2018-05-21,446.3229064941406,,,,,,
2018-05-22,448.7897033691406,,,,,,
2018-05-23,454.4282531738281,,,,,,
2018-05-24,454.0758056640625,,,,,,
2018-05-25,451.4328308105469,,,,,,
2018-05-29,450.55169677734375,,,,,,
2018-05-30,463.9432067871094,,,,,,
2018-05-31,470.2865295410156,,,,,,
2018-06-01,495.8359680175781,,,,,,
2018-06-04,513.1919555664062,,,,,,
2018-06-05,520.6807861328125,,,,,,
2018-06-06,521.9141235351562,,,,,,
2018-06-07,514.6016845703125,,,,,,
2018-06-08,523.0594482421875,,,,,,
2018-06-11,529.4909057617188,,,,,,
2018-06-12,539.4462280273438,,,,,,
2018-06-13,528.169189453125,,,,,,
2018-06-14,545.6134643554688,,,,,,
2018-06-15,538.8296508789062,,,,,,
2018-06-18,539.305419921875,,,,,,
2018-06-19,510.2419738769531,,,,,,
2018-06-20,519.859130859375,,,,,,
2018-06-21,494.4485473632813,,,,,,
2018-06-22,495.5955505371094,,,,,,
2018-06-25,448.921142578125,,,,,,
2018-06-26,451.7444763183594,,,,,,
2018-06-27,411.5110168457031,,,,,,
2018-06-28,425.9809875488281,,,,,,
2018-06-29,434.0100708007813,,,,,,
2018-07-02,429.2455139160156,,,,,,
2018-07-03,424.56927490234375,,,,,,
2018-07-05,416.5402221679688,,,,,,
2018-07-06,434.8040771484375,,,,,,
2018-07-09,449.5386962890625,,,,,,
2018-07-10,434.2571105957031,,,,,,
2018-07-11,421.5694274902344,,,,,,
2018-07-12,443.53900146484375,,,,,,
2018-07-13,434.2747192382813,,,,,,
2018-07-16,435.774658203125,,,,,,
2018-07-17,439.6568603515625,,,,,,
2018-07-18,434.892333984375,,,,,,
2018-07-19,413.893310546875,,,,,,
2018-07-20,417.3343200683594,,,,,,
2018-07-23,412.0404052734375,,,,,,
2018-07-24,413.5404052734375,,,,,,
2018-07-25,438.9509887695313,,,,,,
2018-07-26,420.9518737792969,,,,,,
2018-07-27,405.8642272949219,,,,,,
2018-07-30,381.159423828125,,,,,,
2018-07-31,378.3360290527344,,,,,,
2018-08-01,370.1305541992188,,,,,,
2018-08-02,361.5721130371094,,,,,,
2018-08-03,353.3665466308594,,,,,,
2018-08-06,352.8371887207031,,,,,,
2018-08-07,359.98388671875,,,,,,
2018-08-08,348.0727233886719,,,,,,
2018-08-09,348.0727233886719,,,,,,
2018-08-10,342.69061279296875,,,,,,
2018-08-13,326.4560241699219,,,,,,
2018-08-14,297.6925354003906,,,,,,
2018-08-15,278.105224609375,,,,,,
2018-08-16,286.7519226074219,,,,,,
2018-08-17,295.3103942871094,,,,,,
2018-08-20,306.5157165527344,,,,,,
2018-08-21,313.8389892578125,,,,,,
2018-08-22,319.8386535644531,,,,,,
2018-08-23,305.7216491699219,,,,,,
2018-08-24,312.07427978515625,,,,,,
2018-08-27,330.8675231933594,,,,,,
2018-08-28,323.9855651855469,,,,,,
2018-08-29,325.39715576171875,,,,,,
2018-08-30,302.7218017578125,,,,,,
2018-08-31,306.86865234375,,,,,,
2018-09-04,295.39862060546875,,,,,,
2018-09-05,272.7231140136719,,,,,,
2018-09-06,271.399658203125,,,,,,
2018-09-07,269.635009765625,,,,,,
2018-09-10,252.3417053222656,,,,,,
2018-09-11,254.9003448486328,,,,,,
2018-09-12,262.75299072265625,,,,,,
2018-09-13,282.8697814941406,,,,,,
2018-09-14,273.7818908691406,,,,,,
2018-09-17,261.2442932128906,,,,,,
2018-09-18,263.9000244140625,,,,,,
2018-09-19,282.60504150390625,,,,,,
2018-09-20,289.7517395019531,,,,,,
2018-09-21,292.13397216796875,,,,,,
2018-09-24,278.8993530273437,,,,,,
2018-09-25,283.3878479003906,,,,,,
2018-09-26,289.67352294921875,,,,,,
2018-09-27,288.9652709960937,,,,,,
2018-09-28,281.7057800292969,,,,,,
2018-10-01,279.0498046875,,,,,,
2018-10-02,263.9995422363281,,,,,,
2018-10-03,267.3637390136719,,,,,,
2018-10-04,245.58506774902344,,,,,,
2018-10-05,238.5026397705078,,,,,,
2018-10-08,234.8728485107422,,,,,,
2018-10-09,227.2591857910156,,,,,,
2018-10-10,210.08416748046875,,,,,,
2018-10-11,209.1103057861328,,,,,,
2018-10-12,229.47244262695312,,,,,,
2018-10-15,219.2913818359375,,,,,,
2018-10-16,227.9674530029297,,,,,,
2018-10-17,215.7501220703125,,,,,,
2018-10-18,199.8145294189453,,,,,,
2018-10-19,200.16867065429688,,,,,,
2018-10-22,215.3074645996093,,,,,,
2018-10-23,204.5066833496093,,,,,,
2018-10-24,181.8427276611328,,,,,,
2018-10-25,196.71597290039065,,,,,,
2018-10-26,193.88296508789065,,,,,,
2018-10-29,180.7803497314453,,,,,,
2018-10-30,184.6757659912109,,,,,,
2018-10-31,201.40809631347656,,,,,,
2018-11-01,232.74807739257807,,,,,,
2018-11-02,227.0821075439453,,,,,,
2018-11-05,223.98350524902344,,,,,,
2018-11-06,226.10826110839844,,,,,,
2018-11-07,236.99755859375,,,,,,
2018-11-08,211.7662353515625,,,,,,
2018-11-09,193.351791381836,,,,,,
2018-11-12,184.3216247558593,,,,,,
2018-11-13,195.29946899414065,,,,,,
2018-11-14,204.59523010253903,,,,,,
2018-11-15,218.671630859375,,,,,,
2018-11-16,214.51071166992188,,,,,,
2018-11-19,201.85076904296875,,,,,,
2018-11-20,191.466064453125,,,,,,
2018-11-21,207.42822265625,,,,,,
2018-11-23,193.9891967773437,,,,,,
2018-11-26,204.24110412597656,,,,,,
2018-11-27,203.886947631836,,,,,,
2018-11-28,214.51071166992188,,,,,,
2018-11-29,202.3819580078125,,,,,,
2018-11-30,213.1827392578125,,,,,,
2018-12-03,226.6394195556641,,,,,,
2018-12-04,211.23504638671875,,,,,,
2018-12-06,206.454345703125,,,,,,
2018-12-07,199.10630798339844,,,,,,
2018-12-10,196.5389099121093,,,,,,
2018-12-11,201.58514404296875,,,,,,
2018-12-12,209.552978515625,,,,,,
2018-12-13,206.27731323242188,,,,,,
2018-12-14,197.8668670654297,,,,,,
2018-12-17,184.6580352783203,,,,,,
2018-12-18,180.4262542724609,,,,,,
2018-12-19,169.27133178710938,,,,,,
2018-12-20,165.90716552734375,,,,,,
2018-12-21,163.4282684326172,,,,,,
2018-12-24,161.92323303222656,,,,,,
2018-12-26,171.39608764648438,,,,,,
2018-12-27,171.13800048828125,,,,,,
2018-12-28,171.8499298095703,,,,,,
2018-12-31,166.4390106201172,,,,,,
2019-01-02,166.77723693847656,,,,,,
2019-01-03,154.85186767578125,,,,,,
2019-01-04,174.60879516601562,,,,,,
2019-01-07,182.8853912353516,,,,,,
2019-01-08,183.50833129882807,,,,,,
2019-01-09,195.87869262695312,,,,,,
2019-01-10,196.857650756836,,,,,,
2019-01-11,190.44998168945312,,,,,,
2019-01-14,179.85951232910156,,,,,,
2019-01-15,186.17819213867188,,,,,,
2019-01-16,193.5648193359375,,,,,,
2019-01-17,195.78970336914065,,,,,,
2019-01-18,205.13424682617188,,,,,,
2019-01-22,191.16197204589844,,,,,,
2019-01-23,194.81076049804688,,,,,,
2019-01-24,200.595458984375,,,,,,
2019-01-25,213.58876037597656,,,,,,
2019-01-28,208.42703247070312,,,,,,
2019-01-29,206.380126953125,,,,,,
2019-01-30,213.1438140869141,,,,,,
2019-01-31,224.001220703125,,,,,,
2019-02-01,220.5304412841797,,,,,,
2019-02-04,223.7342224121093,,,,,,
2019-02-05,235.1256561279297,,,,,,
2019-02-06,227.383041381836,,,,,,
2019-02-07,213.6777801513672,,,,,,
2019-02-08,217.5045318603516,,,,,,
2019-02-11,225.42515563964844,,,,,,
2019-02-12,230.49786376953125,,,,,,
2019-02-13,231.120849609375,,,,,,
2019-02-14,232.811767578125,,,,,,
2019-02-15,224.26821899414065,,,,,,
2019-02-19,229.7859344482422,,,,,,
2019-02-20,234.4136505126953,,,,,,
2019-02-21,229.3409576416016,,,,,,
2019-02-22,245.53811645507807,,,,,,
2019-02-25,259.2433776855469,,,,,,
2019-02-26,255.149658203125,,,,,,
2019-02-27,255.5055389404297,,,,,,
2019-02-28,253.72564697265625,,,,,,
2019-03-01,250.07687377929688,,,,,,
2019-03-04,255.0606231689453,,,,,,
2019-03-05,271.6136779785156,,,,,,
2019-03-06,264.9391174316406,,,,,,
2019-03-07,242.95721435546875,,,,,,
2019-03-08,235.6595916748047,,,,,,
2019-03-11,252.123764038086,,,,,,
2019-03-12,249.98782348632807,,,,,,
2019-03-13,245.1820678710937,,,,,,
2019-03-14,239.3084259033203,,,,,,
2019-03-15,250.78878784179688,,,,,,
2019-03-18,257.3299560546875,,,,,,
2019-03-19,255.05105590820312,,,,,,
2019-03-20,245.9705810546875,,,,,,
2019-03-21,247.92916870117188,,,,,,
2019-03-22,230.74771118164065,,,,,,
2019-03-25,235.0207672119141,,,,,,
2019-03-26,233.863510131836,,,,,,
2019-03-27,235.9110412597656,,,,,,
2019-03-28,239.739013671875,,,,,,
2019-03-29,253.8046417236328,,,,,,
2019-04-01,266.4459533691406,,,,,,
2019-04-02,262.5289001464844,,,,,,
2019-04-03,268.04833984375,,,,,,
2019-04-04,268.849609375,,,,,,
2019-04-05,276.5054626464844,,,,,,
2019-04-08,275.6153259277344,,,,,,
2019-04-09,273.478759765625,,,,,,
2019-04-10,272.14337158203125,,,,,,
2019-04-11,264.2203063964844,,,,,,
2019-04-12,273.74578857421875,,,,,,
2019-04-15,261.1045227050781,,,,,,
2019-04-16,266.5349426269531,,,,,,
2019-04-17,269.7486267089844,,,,,,
2019-04-18,270.8970947265625,,,,,,
2019-04-22,269.2056884765625,,,,,,
2019-04-23,274.6983337402344,,,,,,
2019-04-24,267.9593811035156,,,,,,
2019-04-25,264.30938720703125,,,,,,
2019-04-26,265.1996459960937,,,,,,
2019-04-29,269.0276184082031,,,,,,
2019-04-30,269.73980712890625,,,,,,
2019-05-01,269.5350036621094,,,,,,
2019-05-02,270.541015625,,,,,,
2019-05-03,279.7993469238281,,,,,,
2019-05-06,263.06304931640625,,,,,,
2019-05-07,245.4364776611328,,,,,,
2019-05-08,244.8133239746093,,,,,,
2019-05-09,240.62921142578125,,,,,,
2019-05-10,238.58172607421875,,,,,,
2019-05-13,217.39425659179688,,,,,,
2019-05-14,226.29653930664065,,,,,,
2019-05-15,229.1185760498047,,,,,,
2019-05-16,232.08303833007807,,,,,,
2019-05-17,213.2991638183593,,,,,,
2019-05-20,194.69337463378903,,,,,,
2019-05-21,202.88348388671875,,,,,,
2019-05-22,197.63113403320312,,,,,,
2019-05-23,186.1471405029297,,,,,,
2019-05-24,184.09963989257807,,,,,,
2019-05-28,186.9483795166016,,,,,,
2019-05-29,185.5417938232422,,,,,,
2019-05-30,186.3251800537109,,,,,,
2019-05-31,181.9808807373047,,,,,,
2019-06-03,180.779052734375,,,,,,
2019-06-04,185.88009643554688,,,,,,
2019-06-05,181.0728302001953,,,,,,
2019-06-06,181.1618804931641,,,,,,
2019-06-07,188.37271118164065,,,,,,
2019-06-10,196.38479614257807,,,,,,
2019-06-11,203.5956573486328,,,,,,
2019-06-12,195.672607421875,,,,,,
2019-06-13,196.20675659179688,,,,,,
2019-06-14,189.5300445556641,,,,,,
2019-06-17,191.9781188964844,,,,,,
2019-06-18,206.71148681640625,,,,,,
2019-06-19,206.62245178222656,,,,,,
2019-06-20,213.47723388671875,,,,,,
2019-06-21,208.75900268554688,,,,,,
2019-06-24,209.29315185546875,,,,,,
2019-06-25,198.7366485595703,,,,,,
2019-06-26,207.92007446289065,,,,,,
2019-06-27,215.32032775878903,,,,,,
2019-06-28,214.5178680419922,,,,,,
2019-07-01,224.5929107666016,,,,,,
2019-07-02,224.771240234375,,,,,,
2019-07-03,221.5615081787109,,,,,,
2019-07-05,217.81678771972656,,,,,,
2019-07-08,208.81167602539065,,,,,,
2019-07-09,213.0021514892578,,,,,,
2019-07-10,211.1298217773437,,,,,,
2019-07-11,207.02850341796875,,,,,,
2019-07-12,206.22604370117188,,,,,,
2019-07-15,210.2382354736328,,,,,,
2019-07-16,207.2959747314453,,,,,,
2019-07-17,204.17539978027344,,,,,,
2019-07-18,201.6789093017578,,,,,,
2019-07-19,203.19461059570312,,,,,,
2019-07-22,200.9656219482422,,,,,,
2019-07-23,210.6840362548828,,,,,,
2019-07-24,214.9636993408203,,,,,,
2019-07-25,209.61412048339844,,,,,,
2019-07-26,207.02850341796875,,,,,,
2019-07-29,204.2645721435547,,,,,,
2019-07-30,200.43067932128903,,,,,,
2019-07-31,196.6859588623047,,,,,,
2019-08-01,186.07598876953125,,,,,,
2019-08-02,181.26138305664065,,,,,,
2019-08-05,161.0221405029297,,,,,,
2019-08-06,164.2318878173828,,,,,,
2019-08-07,166.4608917236328,,,,,,
2019-08-08,174.30690002441406,,,,,,
2019-08-09,169.2248077392578,,,,,,
2019-08-12,165.83677673339844,,,,,,
2019-08-13,175.82261657714844,,,,,,
2019-08-14,166.63919067382812,,,,,,
2019-08-15,170.74053955078125,,,,,,
2019-08-16,181.66259765625,,,,,,
2019-08-19,193.47622680664065,,,,,,
2019-08-20,191.6573638916016,,,,,,
2019-08-21,193.5118865966797,,,,,,
2019-08-22,187.2350616455078,,,,,,
2019-08-23,178.5865936279297,,,,,,
2019-08-26,184.5424346923828,,,,,,
2019-08-27,185.3627166748047,,,,,,
2019-08-28,187.2350616455078,,,,,,
2019-08-29,194.8136138916016,,,,,,
2019-08-30,195.5447540283203,,,,,,
2019-09-03,192.0496520996093,,,,,,
2019-09-04,195.17027282714844,,,,,,
2019-09-05,205.0669708251953,,,,,,
2019-09-06,205.51275634765625,,,,,,
2019-09-09,208.65118408203125,,,,,,
2019-09-10,205.2452850341797,,,,,,
2019-09-11,214.4287109375,,,,,,
2019-09-12,214.9369201660156,,,,,,
2019-09-13,217.3709716796875,,,,,,
2019-09-16,211.84312438964844,,,,,,
2019-09-17,213.447982788086,,,,,,
2019-09-18,212.6009216308593,,,,,,
2019-09-19,213.29640197753903,,,,,,
2019-09-20,209.88156127929688,,,,,,
2019-09-23,204.17539978027344,,,,,,
2019-09-24,191.84146118164065,,,,,,
2019-09-25,198.1825714111328,,,,,,
2019-09-26,195.8604736328125,,,,,,
2019-09-27,181.2312164306641,,,,,,
2019-09-30,183.88375854492188,,,,,,
2019-10-01,182.54409790039065,,,,,,
2019-10-02,183.1157073974609,,,,,,
2019-10-03,190.4481811523437,,,,,,
2019-10-04,192.5559234619141,,,,,,
2019-10-07,188.9834442138672,,,,,,
2019-10-08,181.6777801513672,,,,,,
2019-10-09,186.12545776367188,,,,,,
2019-10-10,191.39488220214844,,,,,,
2019-10-11,198.1825714111328,,,,,,
2019-10-14,197.82530212402344,,,,,,
2019-10-15,205.68475341796875,,,,,,
2019-10-16,207.73892211914065,,,,,,
2019-10-17,208.0961761474609,,,,,,
2019-10-18,199.611572265625,,,,,,
2019-10-21,208.2748107910156,,,,,,
2019-10-22,201.1566619873047,,,,,,
2019-10-23,200.86192321777344,,,,,,
2019-10-24,209.525146484375,,,,,,
2019-10-25,215.2410888671875,,,,,,
2019-10-28,225.33331298828125,,,,,,
2019-10-29,217.64361572265625,,,,,,
2019-10-30,219.70669555664065,,,,,,
2019-10-31,216.58078002929688,,,,,,
2019-11-01,222.38601684570312,,,,,,
2019-11-04,237.92623901367188,,,,,,
2019-11-05,234.31805419921875,,,,,,
2019-11-06,232.5764923095703,,,,,,
2019-11-07,243.73155212402344,,,,,,
2019-11-08,241.4093780517578,,,,,,
2019-11-11,237.56903076171875,,,,,,
2019-11-12,236.40798950195312,,,,,,
2019-11-13,228.19129943847656,,,,,,
2019-11-14,223.1898498535156,,,,,,
2019-11-15,227.56613159179688,,,,,,
2019-11-18,222.92190551757807,,,,,,
2019-11-19,222.2074279785156,,,,,,
2019-11-20,210.7755126953125,,,,,,
2019-11-21,213.544174194336,,,,,,
2019-11-22,219.17079162597656,,,,,,
2019-11-25,230.0668182373047,,,,,,
2019-11-26,231.2278747558593,,,,,,
2019-11-27,235.69346618652344,,,,,,
2019-11-29,231.7637481689453,,,,,,
2019-12-02,230.0579071044922,,,,,,
2019-12-03,225.27078247070312,,,,,,
2019-12-04,222.38601684570312,,,,,,
2019-12-05,230.51339721679688,,,,,,
2019-12-06,235.33621215820312,,,,,,
2019-12-09,229.9775238037109,,,,,,
2019-12-10,230.73667907714844,,,,,,
2019-12-11,235.425537109375,,,,,,
2019-12-12,240.9628448486328,,,,,,
2019-12-13,237.92623901367188,,,,,,
2019-12-16,245.42843627929688,,,,,,
2019-12-17,250.5192108154297,,,,,,
2019-12-18,251.23367309570312,,,,,,
2019-12-19,250.5192108154297,,,,,,
2019-12-20,252.3054351806641,,,,,,
2019-12-23,255.3165283203125,,,,,,
2019-12-24,255.9438934326172,,,,,,
2019-12-26,259.4389038085937,,,,,,
2019-12-27,257.198486328125,,,,,,
2019-12-30,252.8969116210937,,,,,,
2019-12-31,251.72293090820312,,,,,,
2020-01-02,283.0975952148437,,,,,,
2020-01-03,277.5413513183594,,,,,,
2020-01-06,279.78179931640625,,,,,,
2020-01-07,285.3379821777344,,,,,,
2020-01-08,288.8330383300781,,,,,,
2020-01-09,295.82305908203125,,,,,,
2020-01-10,297.973876953125,,,,,,
2020-01-13,314.9112854003906,,,,,,
2020-01-14,305.5912475585937,,,,,,
2020-01-15,306.6666564941406,,,,,,
2020-01-16,307.02508544921875,,,,,,
2020-01-17,307.383544921875,,,,,,
2020-01-21,289.0122375488281,,,,,,
2020-01-22,284.3521728515625,,,,,,
2020-01-23,275.48016357421875,,,,,,
2020-01-24,258.4711303710937,,,,,,
2020-01-27,246.6237945556641,,,,,,
2020-01-28,254.77882385253903,,,,,,
2020-01-29,259.886962890625,,,,,,
2020-01-30,250.74609375,,,,,,
2020-01-31,243.1287384033203,,,,,,
2020-02-03,258.72198486328125,,,,,,
2020-02-04,276.9140930175781,,,,,,
2020-02-05,270.5512084960937,,,,,,
2020-02-06,280.14019775390625,,,,,,
2020-02-07,273.1501770019531,,,,,,
2020-02-10,276.7347717285156,,,,,,
2020-02-11,284.4417724609375,,,,,,
2020-02-12,297.7049865722656,,,,,,
2020-02-13,289.9980163574219,,,,,,
2020-02-14,284.9974060058594,,,,,,
2020-02-18,279.78179931640625,,,,,,
2020-02-19,289.0122375488281,,,,,,
2020-02-20,282.8287048339844,,,,,,
2020-02-21,273.8670959472656,,,,,,
2020-02-24,258.0946350097656,,,,,,
2020-02-25,254.15155029296875,,,,,,
2020-02-26,259.9765625,,,,,,
2020-02-27,249.67071533203125,,,,,,
2020-02-28,249.0433349609375,,,,,,
2020-03-02,259.3492736816406,,,,,,
2020-03-03,253.7930603027344,,,,,,
2020-03-04,264.72625732421875,,,,,,
2020-03-05,267.4147033691406,,,,,,
2020-03-06,249.49148559570312,,,,,,
2020-03-09,230.3136444091797,,,,,,
2020-03-10,244.78662109375,,,,,,
2020-03-11,228.96939086914065,,,,,,
2020-03-12,193.1228942871093,,,,,,
2020-03-13,205.93801879882807,,,,,,
2020-03-16,166.68612670898438,,,,,,
2020-03-17,183.6683959960937,,,,,,
2020-03-18,164.35609436035156,,,,,,
2020-03-19,170.84432983398438,,,,,,
2020-03-20,170.89808654785156,,,,,,
2020-03-23,176.48117065429688,,,,,,
2020-03-24,197.1556091308593,,,,,,
2020-03-25,203.42874145507807,,,,,,
2020-03-26,214.6307830810547,,,,,,
2020-03-27,196.20571899414065,,,,,,
2020-03-30,196.5283050537109,,,,,,
2020-03-31,203.6080017089844,,,,,,
2020-04-01,194.1086883544922,,,,,,
2020-04-02,199.30642700195312,,,,,,
2020-04-03,192.2267608642578,,,,,,
2020-04-06,209.4778594970703,,,,,,
2020-04-07,215.356689453125,,,,,,
2020-04-08,207.73033142089844,,,,,,
2020-04-09,209.6481475830078,,,,,,
2020-04-13,210.7772979736328,,,,,,
2020-04-14,222.24815368652344,,,,,,
2020-04-15,222.5170288085937,,,,,,
2020-04-16,236.31793212890625,,,,,,
2020-04-17,235.40380859375,,,,,,
2020-04-20,237.26785278320312,,,,,,
2020-04-21,225.2055053710937,,,,,,
2020-04-22,234.61520385742188,,,,,,
2020-04-23,226.30776977539065,,,,,,
2020-04-24,225.3130340576172,,,,,,
2020-04-27,234.2567138671875,,,,,,
2020-04-28,226.818603515625,,,,,,
2020-04-29,238.64791870117188,,,,,,
2020-04-30,230.76171875,,,,,,
2020-05-01,205.2210998535156,,,,,,
2020-05-04,208.6265106201172,,,,,,
2020-05-05,215.9750213623047,,,,,,
2020-05-06,220.36622619628903,,,,,,
2020-05-07,226.2808990478516,,,,,,
2020-05-08,244.0248870849609,,,,,,
2020-05-11,243.756088256836,,,,,,
2020-05-12,244.2041473388672,,,,,,
2020-05-13,246.98220825195312,,,,,,
2020-05-14,247.6991729736328,,,,,,
2020-05-15,251.0150146484375,,,,,,
2020-05-18,274.2255859375,,,,,,
2020-05-19,275.1217346191406,,,,,,
2020-05-20,271.805908203125,,,,,,
2020-05-21,260.87274169921875,,,,,,
2020-05-22,239.9921264648437,,,,,,
2020-05-26,260.3350524902344,,,,,,
2020-05-27,255.4957427978516,,,,,,
2020-05-28,248.23684692382807,,,,,,
2020-05-29,269.47589111328125,,,,,,
2020-06-01,279.1544494628906,,,,,,
2020-06-02,292.0592041015625,,,,,,
2020-06-03,308.9071044921875,,,,,,
2020-06-04,303.4404296875,,,,,,
2020-06-05,317.16064453125,,,,,,
2020-06-08,312.22283935546875,,,,,,
2020-06-09,306.4873962402344,,,,,,
2020-06-10,324.5898132324219,,,,,,
2020-06-11,301.9169616699219,,,,,,
2020-06-12,314.2840576171875,,,,,,
2020-06-15,326.4718322753906,,,,,,
2020-06-16,339.28692626953125,,,,,,
2020-06-17,355.86590576171875,,,,,,
2020-06-18,360.7052307128906,,,,,,
2020-06-19,369.6668395996094,,,,,,
2020-06-22,368.27777099609375,,,,,,
2020-06-23,383.1092224121094,,,,,,
2020-06-24,372.8929748535156,,,,,,
2020-06-25,375.58148193359375,,,,,,
2020-06-26,369.1291198730469,,,,,,
2020-06-29,370.3837890625,,,,,,
2020-06-30,371.9072265625,,,,,,
2020-07-01,373.8787231445313,,,,,,
2020-07-02,399.1505432128906,,,,,,
2020-07-06,433.1150512695313,,,,,,
2020-07-07,420.38958740234375,,,,,,
2020-07-08,460.1792297363281,,,,,,
2020-07-09,479.7155456542969,,,,,,
2020-07-10,467.5277404785156,,,,,,
2020-07-13,445.39251708984375,,,,,,
2020-07-14,428.7239074707031,,,,,,
2020-07-15,430.5162353515625,,,,,,
2020-07-16,404.1690368652344,,,,,,
2020-07-17,409.9045104980469,,,,,,
2020-07-20,427.8277282714844,,,,,,
2020-07-21,443.8690490722656,,,,,,
2020-07-22,420.5688171386719,,,,,,
2020-07-23,408.64984130859375,,,,,,
2020-07-24,398.3349609375,,,,,,
2020-07-27,407.5744934082031,,,,,,
2020-07-28,406.5886840820313,,,,,,
2020-07-29,418.4180603027344,,,,,,
2020-07-30,417.9699401855469,,,,,,
2020-07-31,428.9031066894531,,,,,,
2020-08-03,452.5617980957031,,,,,,
2020-08-04,464.9288635253906,,,,,,
2020-08-05,484.7340087890625,,,,,,
2020-08-06,485.092529296875,,,,,,
2020-08-07,440.1051635742188,,,,,,
2020-08-10,429.7096252441406,,,,,,
2020-08-11,423.3917541503906,,,,,,
2020-08-12,434.54888916015625,,,,,,
2020-08-13,427.4692687988281,,,,,,
2020-08-14,410.8006286621094,,,,,,
2020-08-17,433.2943420410156,,,,,,
2020-08-18,448.3498229980469,,,,,,
2020-08-19,435.8931579589844,,,,,,
2020-08-20,441.99603271484375,,,,,,
2020-08-21,445.9750061035156,,,,,,
2020-08-24,459.6414794921875,,,,,,
2020-08-25,476.13079833984375,,,,,,
2020-08-26,480.3428039550781,,,,,,
2020-08-27,477.5647277832031,,,,,,
2020-08-28,488.83837890625,,,,,,
2020-08-31,469.7681274414063,,,,,,
2020-09-01,502.7467956542969,,,,,,
2020-09-02,500.2016296386719,,,,,,
2020-09-03,459.3725891113281,,,,,,
2020-09-04,459.7310485839844,,,,,,
2020-09-08,417.9699401855469,,,,,,
2020-09-09,429.5303955078125,,,,,,
2020-09-10,409.3219604492188,,,,,,
2020-09-11,420.353759765625,,,,,,
2020-09-14,442.25592041015625,,,,,,
2020-09-15,451.65667724609375,,,,,,
2020-09-16,449.8642883300781,,,,,,
2020-09-17,441.8078308105469,,,,,,
2020-09-18,442.3006896972656,,,,,,
2020-09-21,434.54888916015625,,,,,,
2020-09-22,433.2046813964844,,,,,,
2020-09-23,425.7666015625,,,,,,
2020-09-24,417.3426208496094,,,,,,
2020-09-25,415.3710632324219,,,,,,
2020-09-28,425.4080810546875,,,,,,
2020-09-29,419.3590087890625,,,,,,
2020-09-30,438.7609252929688,,,,,,
2020-10-01,447.184814453125,,,,,,
2020-10-02,430.5162353515625,,,,,,
2020-10-05,438.6712951660156,,,,,,
2020-10-06,454.2644348144531,,,,,,
2020-10-07,466.4522705078125,,,,,,
2020-10-08,468.4238586425781,,,,,,
2020-10-09,488.4082946777344,,,,,,
2020-10-12,505.6146240234375,,,,,,
2020-10-13,502.9261169433594,,,,,,
2020-10-14,487.69140625,,,,,,
2020-10-15,478.2816467285156,,,,,,
2020-10-16,489.4656982421875,,,,,,
2020-10-19,477.29583740234375,,,,,,
2020-10-20,490.6485595703125,,,,,,
2020-10-21,480.7013244628906,,,,,,
2020-10-22,474.4281921386719,,,,,,
2020-10-23,471.91888427734375,,,,,,
2020-10-26,469.8577270507813,,,,,,
2020-10-27,492.1721496582031,,,,,,
2020-10-28,478.1024169921875,,,,,,
2020-10-29,501.9403076171875,,,,,,
2020-10-30,483.0313415527344,,,,,,
2020-11-02,492.3514099121094,,,,,,
2020-11-03,483.6585998535156,,,,,,
2020-11-04,551.5877075195312,,,,,,
2020-11-05,558.7569580078125,,,,,,
2020-11-06,563.5066528320312,,,,,,
2020-11-09,535.9048461914062,,,,,,
2020-11-10,483.1208801269531,,,,,,
2020-11-11,502.11956787109375,,,,,,
2020-11-12,517.9816284179688,,,,,,
2020-11-13,554.9930419921875,,,,,,
2020-11-16,547.4653930664062,,,,,,
2020-11-17,520.6701049804688,,,,,,
2020-11-18,496.1152038574219,,,,,,
2020-11-19,520.1324462890625,,,,,,
2020-11-20,538.4141235351562,,,,,,
2020-11-23,527.9649047851562,,,,,,
2020-11-24,540.02734375,,,,,,
2020-11-25,526.8176879882812,,,,,,
2020-11-27,554.4642333984375,,,,,,
2020-11-30,525.6884765625,,,,,,
2020-12-01,514.307373046875,,,,,,
2020-12-02,507.5413513183594,,,,,,
2020-12-03,520.5984497070312,,,,,,
2020-12-04,523.0000610351562,,,,,,
2020-12-07,529.6316528320312,,,,,,
2020-12-08,546.3003540039062,,,,,,
2020-12-09,528.8162841796875,,,,,,
2020-12-10,550.1537475585938,,,,,,
2020-12-11,536.7113037109375,,,,,,
2020-12-14,530.16943359375,,,,,,
2020-12-15,527.5706176757812,,,,,,
2020-12-16,538.8621215820312,,,,,,
2020-12-17,554.544921875,,,,,,
2020-12-18,555.5934448242188,,,,,,
2020-12-21,545.4937133789062,,,,,,
2020-12-22,525.8677978515625,,,,,,
2020-12-23,540.6097412109375,,,,,,
2020-12-24,510.9914855957031,,,,,,
2020-12-28,479.80517578125,,,,,,
2020-12-29,516.5029296875,,,,,,
2020-12-30,554.4553833007812,,,,,,
2020-12-31,544.687255859375,,,,,,
2021-01-04,540.3856811523438,,,,,,
2021-01-05,590.12255859375,,,,,,
2021-01-06,554.9035034179688,,,,,,
2021-01-07,566.1055297851562,,,,,,
2021-01-08,625.431396484375,,,,,,
2021-01-11,583.22216796875,,,,,,
2021-01-12,585.7313232421875,,,,,,
2021-01-13,592.7216186523438,,,,,,
2021-01-14,606.387939453125,,,,,,
2021-01-15,596.6646728515625,,,,,,
2021-01-19,658.4998168945312,,,,,,
2021-01-20,722.754638671875,,,,,,
2021-01-21,723.1130981445312,,,,,,
2021-01-22,742.2908935546875,,,,,,
2021-01-25,787.367919921875,,,,,,
2021-01-26,759.5868530273438,,,,,,
2021-01-27,721.5895385742188,,,,,,
2021-01-28,705.3690185546875,,,,,,
2021-01-29,684.3092041015625,,,,,,
2021-02-01,746.5924072265625,,,,,,
2021-02-02,776.6139526367188,,,,,,
2021-02-03,796.68798828125,,,,,,
2021-02-04,808.9654541015625,,,,,,
2021-02-05,828.59130859375,,,,,,
2021-02-08,827.8743286132812,,,,,,
2021-02-09,864.5274658203125,,,,,,
2021-02-10,903.4208374023438,,,,,,
2021-02-11,946.3469848632812,,,,,,
2021-02-12,945.630126953125,,,,,,
2021-02-16,969.37841796875,,,,,,
2021-02-17,971.8876342773438,,,,,,
2021-02-18,917.9387817382812,,,,,,
2021-02-19,935.4138793945312,,,,,,
2021-02-22,837.0153198242188,,,,,,
2021-02-23,826.1718139648438,,,,,,
2021-02-24,778.0477905273438,,,,,,
2021-02-25,734.8528442382812,,,,,,
2021-02-26,723.1130981445312,,,,,,
2021-03-01,783.3351440429688,,,,,,
2021-03-02,751.2525634765625,,,,,,
2021-03-03,711.8213500976562,,,,,,
2021-03-04,641.65185546875,,,,,,
2021-03-05,644.33154296875,,,,,,
2021-03-08,545.5833129882812,,,,,,
2021-03-09,634.7515258789062,,,,,,
2021-03-10,592.3631591796875,,,,,,
2021-03-11,670.95654296875,,,,,,
2021-03-12,623.0117797851562,,,,,,
2021-03-15,625.7001953125,,,,,,
2021-03-16,641.1591186523438,,,,,,
2021-03-17,640.2181396484375,,,,,,
2021-03-18,611.6305541992188,,,,,,
2021-03-19,630.3603515625,,,,,,
2021-03-22,619.8751831054688,,,,,,
2021-03-23,590.6602783203125,,,,,,
2021-03-24,490.4694213867188,,,,,,
2021-03-25,485.9886169433594,,,,,,
2021-03-26,495.4878845214844,,,,,,
2021-03-29,477.47509765625,,,,,,
2021-03-30,498.3556518554688,,,,,,
2021-03-31,503.9119262695313,,,,,,
2021-04-01,533.6643676757812,,,,,,
2021-04-05,524.61328125,,,,,,
2021-04-06,550.064208984375,,,,,,
2021-04-07,507.7655029296875,,,,,,
2021-04-08,519.2362670898438,,,,,,
2021-04-09,497.45947265625,,,,,,
2021-04-12,484.6443786621094,,,,,,
2021-04-13,485.8093566894531,,,,,,
2021-04-14,472.0532836914063,,,,,,
2021-04-15,474.0696716308594,,,,,,
2021-04-16,480.97015380859375,,,,,,
2021-04-19,475.6827697753906,,,,,,
2021-04-20,464.6600036621094,,,,,,
2021-04-21,482.6279602050781,,,,,,
2021-04-22,494.5021362304688,,,,,,
2021-04-23,520.2220458984375,,,,,,
2021-04-26,517.2647094726562,,,,,,
2021-04-27,526.1365966796875,,,,,,
2021-04-28,530.4383544921875,,,,,,
2021-04-29,505.52490234375,,,,,,
2021-04-30,485.092529296875,,,,,,
2021-05-03,475.3243103027344,,,,,,
2021-05-04,459.1037292480469,,,,,,
2021-05-05,451.48638916015625,,,,,,
2021-05-06,451.6656494140625,,,,,,
2021-05-07,447.3640441894531,,,,,,
2021-05-10,403.0935974121094,,,,,,
2021-05-11,415.9983520507813,,,,,,
2021-05-12,403.2729187011719,,,,,,
2021-05-13,374.7749328613281,,,,,,
2021-05-14,399.4194030761719,,,,,,
2021-05-17,405.96136474609375,,,,,,
2021-05-18,419.2245178222656,,,,,,
2021-05-19,421.2857666015625,,,,,,
2021-05-20,435.4451293945313,,,,,,
2021-05-21,418.64202880859375,,,,,,
2021-05-24,413.2202758789063,,,,,,
2021-05-25,424.5119018554688,,,,,,
2021-05-26,421.10650634765625,,,,,,
2021-05-27,418.6868896484375,,,,,,
2021-05-28,422.0833435058594,,,,,,
2021-06-01,455.7880554199219,,,,,,
2021-06-02,442.07666015625,,,,,,
2021-06-03,415.1022338867188,,,,,,
2021-06-04,420.5688171386719,,,,,,
2021-06-07,403.5416870117188,,,,,,
2021-06-08,401.8390197753906,,,,,,
2021-06-09,402.376708984375,,,,,,
2021-06-10,408.9007568359375,,,,,,
2021-06-11,403.9897766113281,,,,,,
2021-06-14,409.7252807617188,,,,,,
2021-06-15,393.8631591796875,,,,,,
2021-06-16,381.4065551757813,,,,,,
2021-06-17,389.4720153808594,,,,,,
2021-06-18,388.2173767089844,,,,,,
2021-06-21,380.6895751953125,,,,,,
2021-06-22,374.23724365234375,,,,,,
2021-06-23,387.8589172363281,,,,,,
2021-06-24,407.2160034179688,,,,,,
2021-06-25,422.09228515625,,,,,,
2021-06-28,420.837646484375,,,,,,
2021-06-29,426.125,,,,,,
2021-06-30,412.32415771484375,,,,,,
2021-07-01,394.3112182617188,,,,,,
2021-07-02,376.5672607421875,,,,,,
2021-07-06,338.3907775878906,,,,,,
2021-07-07,324.9483642578125,,,,,,
2021-07-08,303.6196594238281,,,,,,
2021-07-09,329.1602783203125,,,,,,
2021-07-12,320.10906982421875,,,,,,
2021-07-13,340.9895935058594,,,,,,
2021-07-14,337.40496826171875,,,,,,
2021-07-15,338.74920654296875,,,,,,
2021-07-16,319.6610412597656,,,,,,
2021-07-19,306.39776611328125,,,,,,
2021-07-20,307.8316345214844,,,,,,
2021-07-21,310.2512512207031,,,,,,
2021-07-22,307.5627746582031,,,,,,
2021-07-23,253.8827514648437,,,,,,
2021-07-26,205.8484039306641,,,,,,
2021-07-27,185.7743682861328,,,,,,
2021-07-28,222.965087890625,,,,,,
2021-07-29,217.4984893798828,,,,,,
2021-07-30,206.5653381347656,,,,,,
2021-08-02,215.9750213623047,,,,,,
2021-08-03,199.03756713867188,,,,,,
2021-08-04,205.66915893554688,,,,,,
2021-08-05,196.3491058349609,,,,,,
2021-08-06,191.68902587890625,,,,,,
2021-08-09,206.2068786621093,,,,,,
2021-08-10,209.07460021972656,,,,,,
2021-08-11,207.8199615478516,,,,,,
2021-08-12,195.5425262451172,,,,,,
2021-08-13,187.11862182617188,,,,,,
2021-08-16,172.33193969726562,,,,,,
2021-08-17,161.75721740722656,,,,,,
2021-08-18,167.6719207763672,,,,,,
2021-08-19,153.78138732910156,,,,,,
2021-08-20,155.21524047851562,,,,,,
2021-08-23,165.25225830078125,,,,,,
2021-08-24,201.1883544921875,,,,,,
2021-08-25,194.28790283203125,,,,,,
2021-08-26,188.7317352294922,,,,,,
2021-08-27,184.43014526367188,,,,,,
2021-08-30,189.71749877929688,,,,,,
2021-08-31,205.3107147216797,,,,,,
2021-09-01,225.3847503662109,,,,,,
2021-09-02,220.097396850586,,,,,,
2021-09-03,218.30506896972656,,,,,,
2021-09-07,236.1386566162109,,,,,,
2021-09-08,220.00778198242188,,,,,,
2021-09-09,216.51272583007807,,,,,,
2021-09-10,210.7772979736328,,,,,,
2021-09-13,203.07032775878903,,,,,,
2021-09-14,190.7928924560547,,,,,,
2021-09-15,184.6989898681641,,,,,,
2021-09-16,183.98204040527344,,,,,,
2021-09-17,187.7459259033203,,,,,,
2021-09-20,167.49266052246094,,,,,,
2021-09-21,172.86962890625,,,,,,
2021-09-22,182.9066619873047,,,,,,
2021-09-23,183.8028259277344,,,,,,
2021-09-24,171.61500549316406,,,,,,
2021-09-27,179.85971069335938,,,,,,
2021-09-28,171.34617614746094,,,,,,
2021-09-29,165.52110290527344,,,,,,
2021-09-30,174.03463745117188,,,,,,
2021-10-01,166.86532592773438,,,,,,
2021-10-04,156.02182006835938,,,,,,
2021-10-05,163.99761962890625,,,,,,
2021-10-06,163.81842041015625,,,,,,
2021-10-07,186.6705322265625,,,,,,
2021-10-08,193.5709991455078,,,,,,
2021-10-11,192.585189819336,,,,,,
2021-10-12,186.9393615722656,,,,,,
2021-10-13,199.7544860839844,,,,,,
2021-10-14,193.1228942871093,,,,,,
2021-10-15,195.094467163086,,,,,,
2021-10-18,198.4998779296875,,,,,,
2021-10-19,214.9892425537109,,,,,,
2021-10-20,218.9323883056641,,,,,,
2021-10-21,218.30506896972656,,,,,,
2021-10-22,213.9138641357422,,,,,,
2021-10-25,214.45155334472656,,,,,,
2021-10-26,191.240951538086,,,,,,
2021-10-27,188.9109344482422,,,,,,
2021-10-28,188.0147705078125,,,,,,
2021-10-29,174.2138671875,,,,,,
2021-11-01,192.49562072753903,,,,,,
2021-11-02,178.24661254882812,,,,,,
2021-11-03,182.81704711914065,,,,,,
2021-11-04,173.94505310058594,,,,,,
2021-11-05,166.9549560546875,,,,,,
2021-11-08,174.84120178222656,,,,,,
2021-11-09,173.8554229736328,,,,,,
2021-11-10,181.6520233154297,,,,,,
2021-11-11,200.56105041503903,,,,,,
2021-11-12,203.96646118164065,,,,,,
2021-11-15,197.962142944336,,,,,,
2021-11-16,202.7118377685547,,,,,,
2021-11-17,189.986328125,,,,,,
2021-11-18,177.2608642578125,,,,,,
2021-11-19,177.2608642578125,,,,,,
2021-11-22,167.13421630859375,,,,,,
2021-11-23,164.26649475097656,,,,,,
2021-11-24,170.2707977294922,,,,,,
2021-11-26,156.02182006835938,,,,,,
2021-11-29,151.89947509765625,,,,,,
2021-11-30,145.8055419921875,,,,,,
2021-12-01,141.4143524169922,,,,,,
2021-12-02,137.6505126953125,,,,,,
2021-12-03,118.56221771240234,,,,,,
2021-12-06,127.34459686279295,,,,,,
2021-12-07,138.7258758544922,,,,,,
2021-12-08,139.53240966796875,,,,,,
2021-12-09,135.58934020996094,,,,,,
2021-12-10,138.54666137695312,,,,,,
2021-12-13,129.4954071044922,,,,,,
2021-12-14,127.7927017211914,,,,,,
2021-12-15,120.7130126953125,,,,,,
2021-12-16,116.23221588134766,,,,,,
2021-12-17,115.96334838867188,,,,,,
2021-12-20,103.14824676513672,,,,,,
2021-12-21,117.5764389038086,,,,,,
2021-12-22,113.18526458740234,,,,,,
2021-12-23,111.03446197509766,,,,,,
2021-12-27,109.60060119628906,,,,,,
2021-12-28,105.65750122070312,,,,,,
2021-12-29,98.30896759033205,,,,,,
2021-12-30,115.78411865234376,,,,,,
2021-12-31,112.46833038330078,,,,,,
2022-01-03,110.67599487304688,,,,,,
2022-01-04,100.81822967529295,,,,,,
2022-01-05,95.17239379882812,,,,,,
2022-01-06,103.5963134765625,,,,,,
2022-01-07,109.06291198730467,,,,,,
2022-01-10,111.03446197509766,,,,,,
2022-01-11,122.41573333740234,,,,,,
2022-01-12,126.08999633789062,,,,,,
2022-01-13,111.3033218383789,,,,,,
2022-01-14,114.70872497558594,,,,,,
2022-01-18,109.86945343017578,,,,,,
2022-01-19,112.10985565185548,,,,,,
2022-01-20,121.87804412841795,,,,,,
2022-01-21,112.28909301757812,,,,,,
2022-01-24,108.25636291503906,,,,,,
2022-01-25,106.64327239990234,,,,,,
2022-01-26,99.83244323730467,,,,,,
2022-01-27,93.4696807861328,,,,,,
2022-01-28,95.71009826660156,,,,,,
2022-01-31,114.43988800048828,,,,,,
2022-02-01,115.96334838867188,,,,,,
2022-02-02,109.51099395751952,,,,,,
2022-02-03,105.11981201171876,,,,,,
2022-02-04,108.52520751953124,,,,,,
2022-02-07,103.5963134765625,,,,,,
2022-02-08,111.4825439453125,,,,,,
2022-02-09,120.35455322265624,,,,,,
2022-02-10,116.4114227294922,,,,,,
2022-02-11,108.34598541259766,,,,,,
2022-02-14,107.00173950195312,,,,,,
2022-02-15,115.87374877929688,,,,,,
2022-02-16,116.4114227294922,,,,,,
2022-02-17,114.0814208984375,,,,,,
2022-02-18,102.7897720336914,,,,,,
2022-02-22,94.00738525390624,,,,,,
2022-02-23,91.40852355957033,,,,,,
2022-02-24,93.2008285522461,,,,,,
2022-02-25,93.64893341064452,,,,,,
2022-02-28,90.33312225341795,,,,,,
2022-03-01,90.8708267211914,,,,,,
2022-03-02,87.37579345703125,,,,,,
2022-03-03,79.04147338867188,,,,,,
2022-03-04,71.15525817871094,,,,,,
2022-03-07,63.71712112426758,,,,,,
2022-03-08,63.00019836425781,,,,,,
2022-03-09,69.27333068847656,,,,,,
2022-03-10,56.36858367919922,,,,,,
2022-03-11,45.07694625854492,,,,,,
2022-03-14,34.68146896362305,,,,,,
2022-03-15,37.36995697021485,,,,,,
2022-03-16,67.39137268066406,,,,,,
2022-03-17,56.45820617675781,,,,,,
2022-03-18,65.86790466308594,,,,,,
2022-03-21,57.62321472167969,,,,,,
2022-03-22,66.31597900390625,,,,,,
2022-03-23,66.94330596923828,,,,,,
2022-03-24,63.26903533935547,,,,,,
2022-03-25,58.160911560058594,,,,,,
2022-03-28,60.849403381347656,,,,,,
2022-03-29,66.49520874023438,,,,,,
2022-03-30,62.91056823730469,,,,,,
2022-03-31,55.47242736816406,,,,,,
2022-04-01,61.297481536865234,,,,,,
2022-04-04,70.7071762084961,,,,,,
2022-04-05,64.34442138671875,,,,,,
2022-04-06,60.49092864990234,,,,,,
2022-04-07,56.01011657714844,,,,,,
2022-04-08,55.203575134277344,,,,,,
2022-04-11,53.948951721191406,,,,,,
2022-04-12,51.97739410400391,,,,,,
2022-04-13,55.3828125,,,,,,
2022-04-14,51.88777923583984,,,,,,
2022-04-18,49.73699188232422,,,,,,
2022-04-19,50.005836486816406,,,,,,
2022-04-20,45.525020599365234,,,,,,
2022-04-21,40.86498260498047,,,,,,
2022-04-22,41.671531677246094,,,,,,
2022-04-25,41.76115417480469,,,,,,
2022-04-26,40.14805221557617,,,,,,
2022-04-27,44.27040481567383,,,,,,
2022-04-28,45.61464691162109,,,,,,
2022-04-29,52.1566276550293,,,,,,
2022-05-02,54.39703369140625,,,,,,
2022-05-03,54.84511566162109,,,,,,
2022-05-04,55.3828125,,,,,,
2022-05-05,47.85504913330078,,,,,,
2022-05-06,43.01577377319336,,,,,,
2022-05-09,37.45956802368164,,,,,,
2022-05-10,39.61035919189453,,,,,,
2022-05-11,38.8934326171875,,,,,,
2022-05-12,39.879207611083984,,,,,,
2022-05-13,45.4354133605957,,,,,,
2022-05-16,45.88349533081055,,,,,,
2022-05-17,48.66159439086914,,,,,,
2022-05-18,45.70426177978516,,,,,,
2022-05-19,48.303131103515625,,,,,,
2022-05-20,46.69003677368164,,,,,,
2022-05-23,45.4354133605957,,,,,,
2022-05-24,39.25189208984375,,,,,,
2022-05-25,41.22345352172852,,,,,,
2022-05-26,47.58619689941406,,,,,,
2022-05-27,49.02006149291992,,,,,,
2022-05-31,53.5635986328125,,,,,,
2022-06-01,51.45761489868164,,,,,,
2022-06-02,57.148250579833984,,,,,,
2022-06-03,54.17299270629883,,,,,,
2022-06-06,59.09292602539063,,,,,,
2022-06-07,64.01284790039062,,,,,,
2022-06-08,71.45995330810547,,,,,,
2022-06-09,62.05025100708008,,,,,,
2022-06-10,62.2742919921875,,,,,,
2022-06-13,53.50086975097656,,,,,,
2022-06-14,60.4102783203125,,,,,,
2022-06-15,62.51626968383789,,,,,,
2022-06-16,56.18935394287109,,,,,,
2022-06-17,59.47826766967773,,,,,,
2022-06-21,64.1114273071289,,,,,,
2022-06-22,60.3654670715332,,,,,,
2022-06-23,63.13460159301758,,,,,,
2022-06-24,67.82154083251953,,,,,,
2022-06-27,68.28754425048828,,,,,,
2022-06-28,67.69607543945312,,,,,,
2022-06-29,66.18156433105469,,,,,,
2022-06-30,65.10616302490234,,,,,,
2022-07-01,66.85367584228516,,,,,,
2022-07-05,67.24798583984375,,,,,,
2022-07-06,62.256378173828125,,,,,,
2022-07-07,65.50943756103516,,,,,,
2022-07-08,62.507301330566406,,,,,,
2022-07-11,54.217803955078125,,,,,,
2022-07-12,54.42391204833984,,,,,,
2022-07-13,55.36488723754883,,,,,,
2022-07-14,52.28208160400391,,,,,,
2022-07-15,51.14396667480469,,,,,,
2022-07-18,54.137149810791016,,,,,,
2022-07-19,56.41339111328125,,,,,,
2022-07-20,55.63374328613281,,,,,,
2022-07-21,57.605281829833984,,,,,,
2022-07-22,53.74283218383789,,,,,,
2022-07-25,55.078121185302734,,,,,,
2022-07-26,53.393333435058594,,,,,,
2022-07-27,55.58892440795898,,,,,,
2022-07-28,53.68010330200195,,,,,,
2022-07-29,48.14181900024414,,,,,,
2022-08-01,45.632568359375,,,,,,
2022-08-02,47.15604782104492,,,,,,
2022-08-03,49.02901840209961,,,,,,
2022-08-04,50.87511444091797,,,,,,
2022-08-05,48.41962432861328,,,,,,
2022-08-08,46.78861618041992,,,,,,
2022-08-09,45.70426177978516,,,,,,
2022-08-10,46.55561447143555,,,,,,
2022-08-11,48.87667083740234,,,,,,
2022-08-12,48.67951202392578,,,,,,
2022-08-15,49.33372497558594,,,,,,
2022-08-16,47.25461959838867,,,,,,
2022-08-17,45.92830276489258,,,,,,
2022-08-18,44.79913711547852,,,,,,
2022-08-19,44.18974685668945,,,,,,
2022-08-22,45.345794677734375,,,,,,
2022-08-23,46.75276565551758,,,,,,
2022-08-24,47.881935119628906,,,,,,
2022-08-25,54.916805267333984,,,,,,
2022-08-26,53.81452941894531,,,,,,
2022-08-29,51.86089706420898,,,,,,
2022-08-30,48.76913070678711,,,,,,
2022-08-31,52.43443298339844,,,,,,
2022-09-01,50.43599319458008,,,,,,
2022-09-02,48.36586380004883,,,,,,
2022-09-06,44.88875198364258,,,,,,
2022-09-07,46.88719177246094,,,,,,
2022-09-08,44.91563415527344,,,,,,
2022-09-09,47.15604782104492,,,,,,
2022-09-12,49.04693603515625,,,,,,
2022-09-13,44.808101654052734,,,,,,
2022-09-14,45.09486770629883,,,,,,
2022-09-15,44.56613540649414,,,,,,
2022-09-16,41.196563720703125,,,,,,
2022-09-19,42.26300048828125,,,,,,
2022-09-20,42.06583786010742,,,,,,
2022-09-21,38.13169479370117,,,,,,
2022-09-22,37.81803131103516,,,,,,
2022-09-23,35.98090362548828,,,,,,
2022-09-26,37.34306335449219,,,,,,
2022-09-27,36.91291046142578,,,,,,
2022-09-28,38.28404235839844,,,,,,
2022-09-29,34.789005279541016,,,,,,
2022-09-30,34.98616027832031,,,,,,
2022-10-03,35.29085922241211,,,,,,
2022-10-04,39.59243774414063,,,,,,
2022-10-05,39.70894241333008,,,,,,
2022-10-06,38.48119735717773,,,,,,
2022-10-07,35.07578659057617,,,,,,
2022-10-10,31.3746337890625,,,,,,
2022-10-11,29.02668571472168,,,,,,
2022-10-12,28.91914367675781,,,,,,
2022-10-13,28.22014236450196,,,,,,
2022-10-14,26.607051849365234,,,,,,
2022-10-17,28.73095321655273,,,,,,
2022-10-18,28.802640914916992,,,,,,
2022-10-19,25.002918243408203,,,,,,
2022-10-20,25.6123046875,,,,,,
2022-10-21,25.86323356628418,,,,,,
2022-10-24,18.604324340820312,,,,,,
2022-10-25,19.778295516967773,,,,,,
2022-10-26,23.04928398132324,,,,,,
2022-10-27,21.337615966796875,,,,,,
2022-10-28,19.76036834716797,,,,,,
2022-10-31,19.98440933227539,,,,,,
2022-11-01,22.18000602722168,,,,,,
2022-11-02,22.466779708862305,,,,,,
2022-11-03,23.93648910522461,,,,,,
2022-11-04,27.816871643066406,,,,,,
2022-11-07,27.44048118591309,,,,,,
2022-11-08,27.09993934631348,,,,,,
2022-11-09,23.353981018066406,,,,,,
2022-11-10,27.18955612182617,,,,,,
2022-11-11,30.52327919006348,,,,,,
2022-11-14,31.53594017028809,,,,,,
2022-11-15,37.55815124511719,,,,,,
2022-11-16,35.308780670166016,,,,,,
2022-11-17,37.88077163696289,,,,,,
2022-11-18,34.95927810668945,,,,,,
2022-11-21,32.485870361328125,,,,,,
2022-11-22,31.222278594970703,,,,,,
2022-11-23,32.611331939697266,,,,,,
2022-11-25,29.85116004943848,,,,,,
2022-11-28,32.08259201049805,,,,,,
2022-11-29,35.84648513793945,,,,,,
2022-11-30,41.52814483642578,,,,,,
2022-12-01,40.29143524169922,,,,,,
2022-12-02,45.48022079467773,,,,,,
2022-12-05,45.30098724365234,,,,,,
2022-12-06,47.012657165527344,,,,,,
2022-12-07,44.84395217895508,,,,,,
2022-12-08,50.28364562988281,,,,,,
2022-12-09,48.8856315612793,,,,,,
2022-12-12,46.07168960571289,,,,,,
2022-12-13,48.114933013916016,,,,,,
2022-12-14,48.51820373535156,,,,,,
2022-12-15,45.4174919128418,,,,,,
2022-12-16,45.758033752441406,,,,,,
2022-12-19,45.65048599243164,,,,,,
2022-12-20,44.55717086791992,,,,,,
2022-12-21,47.94466400146485,,,,,,
2022-12-22,47.46073532104492,,,,,,
2022-12-23,45.112789154052734,,,,,,
2022-12-27,49.69218444824219,,,,,,
2022-12-28,44.92459487915039,,,,,,
2022-12-29,48.09701156616211,,,,,,
2022-12-30,45.62361145019531,,,,,,
2023-01-03,50.3374137878418,,,,,,
2023-01-04,59.20942306518555,,,,,,
2023-01-05,59.8636360168457,,,,,,
2023-01-06,59.15565490722656,,,,,,
2023-01-09,59.26318740844727,,,,,,
2023-01-10,60.75082015991211,,,,,,
2023-01-11,60.07870101928711,,,,,,
2023-01-12,58.304298400878906,,,,,,
2023-01-13,61.54840087890625,,,,,,
2023-01-17,57.65010070800781,,,,,,
2023-01-18,54.76445388793945,,,,,,
2023-01-19,56.556785583496094,,,,,,
2023-01-20,59.62165451049805,,,,,,
2023-01-23,60.849403381347656,,,,,,
2023-01-24,60.27585983276367,,,,,,
2023-01-25,60.70601272583008,,,,,,
2023-01-26,64.2010498046875,,,,,,
2023-01-27,63.01811218261719,,,,,,
2023-01-30,56.91524505615234,,,,,,
2023-01-31,56.1624755859375,,,,,,
2023-02-01,60.37443161010742,,,,,,
2023-02-02,57.89205932617188,,,,,,
2023-02-03,54.2536506652832,,,,,,
2023-02-06,51.64581680297852,,,,,,
2023-02-07,53.411258697509766,,,,,,
2023-02-08,50.95577239990234,,,,,,
2023-02-09,53.16928482055664,,,,,,
2023-02-10,48.796024322509766,,,,,,
2023-02-13,51.69062042236328,,,,,,
2023-02-14,50.534576416015625,,,,,,
2023-02-15,49.96103286743164,,,,,,
2023-02-16,50.55249786376953,,,,,,
2023-02-17,47.1470832824707,,,,,,
2023-02-21,43.82232284545898,,,,,,
2023-02-22,44.010520935058594,,,,,,
2023-02-23,43.499698638916016,,,,,,
2023-02-24,40.2376708984375,,,,,,
2023-02-27,41.70738220214844,,,,,,
2023-02-28,41.07110977172852,,,,,,
2023-03-01,44.64679336547852,,,,,,
2023-03-02,47.53243637084961,,,,,,
2023-03-03,48.02532196044922,,,,,,
2023-03-06,45.87453079223633,,,,,,
2023-03-07,43.10539245605469,,,,,,
2023-03-08,42.28987884521485,,,,,,
2023-03-09,37.68361282348633,,,,,,
2023-03-10,38.02415466308594,,,,,,
2023-03-13,39.14435195922852,,,,,,
2023-03-14,39.86128234863281,,,,,,
2023-03-15,37.67465591430664,,,,,,
2023-03-16,39.78062438964844,,,,,,
2023-03-17,39.9150505065918,,,,,,
2023-03-20,39.0278549194336,,,,,,
2023-03-21,40.19632339477539,,,,,,
2023-03-22,39.57707977294922,,,,,,
2023-03-23,43.29248809814453,,,,,,
2023-03-24,43.391204833984375,,,,,,
2023-03-27,41.56939697265625,,,,,,
2023-03-28,45.04248809814453,,,,,,
2023-03-29,45.69762420654297,,,,,,
2023-03-30,47.30403900146485,,,,,,
2023-03-31,45.75146865844727,,,,,,
2023-04-03,45.50916290283203,,,,,,
2023-04-04,44.34248733520508,,,,,,
2023-04-05,42.10786056518555,,,,,,
2023-04-06,43.41812896728516,,,,,,
2023-04-10,42.37710189819336,,,,,,
2023-04-11,42.16170883178711,,,,,,
2023-04-12,38.37451553344727,,,,,,
2023-04-13,40.38478469848633,,,,,,
2023-04-14,38.95785140991211,,,,,,
2023-04-17,41.23735046386719,,,,,,
2023-04-18,41.192481994628906,,,,,,
2023-04-19,39.87323760986328,,,,,,
2023-04-20,38.95785140991211,,,,,,
2023-04-21,37.31554412841797,,,,,,
2023-04-24,35.59245681762695,,,,,,
2023-04-25,33.196285247802734,,,,,,
2023-04-26,34.54244613647461,,,,,,
2023-04-27,35.56553268432617,,,,,,
2023-04-28,36.32835388183594,,,,,,
2023-05-01,36.05014419555664,,,,,,
2023-05-02,33.51039123535156,,,,,,
2023-05-03,33.41167068481445,,,,,,
2023-05-04,34.50654602050781,,,,,,
2023-05-05,35.42193984985352,,,,,,
2023-05-08,34.82963180541992,,,,,,
2023-05-09,33.13346481323242,,,,,,
2023-05-10,32.87321472167969,,,,,,
2023-05-11,35.027069091796875,,,,,,
2023-05-12,33.13346481323242,,,,,,
2023-05-15,36.803993225097656,,,,,,
2023-05-16,36.12194442749024,,,,,,
2023-05-17,35.93348693847656,,,,,,
2023-05-18,33.03475570678711,,,,,,
2023-05-19,32.46038818359375,,,,,,
2023-05-22,33.69886016845703,,,,,,
2023-05-23,31.61679649353028,,,,,,
2023-05-24,30.575767517089844,,,,,,
2023-05-25,29.29242706298828,,,,,,
2023-05-26,30.997562408447266,,,,,,
2023-05-30,28.73601722717285,,,,,,
2023-05-31,28.377042770385746,,,,,,
2023-06-01,31.03346443176269,,,,,,
2023-06-02,32.936031341552734,,,,,,
2023-06-05,32.30782699584961,,,,,,
2023-06-06,34.650146484375,,,,,,
2023-06-07,34.057838439941406,,,,,,
2023-06-08,34.946292877197266,,,,,,
2023-06-09,35.143733978271484,,,,,,
2023-06-12,34.78475570678711,,,,,,
2023-06-13,36.59758377075195,,,,,,
2023-06-14,38.58990478515625,,,,,,
2023-06-15,39.99888229370117,,,,,,
2023-06-16,39.16426849365234,,,,,,
2023-06-20,35.00014114379883,,,,,,
2023-06-21,34.03656005859375,,,,,,
2023-06-22,33.92838668823242,,,,,,
2023-06-23,32.0084228515625,,,,,,
2023-06-26,32.33292388916016,,,,,,
2023-06-27,34.34303283691406,,,,,,
2023-06-28,33.45966720581055,,,,,,
2023-06-29,32.0084228515625,,,,,,
2023-06-30,32.3509521484375,,,,,,
2023-07-03,33.892333984375,,,,,,
2023-07-05,33.27938461303711,,,,,,
2023-07-06,31.22421646118164,,,,,,
2023-07-07,33.522762298583984,,,,,,
2023-07-10,33.75712585449219,,,,,,
2023-07-11,34.65851593017578,,,,,,
2023-07-12,37.47085952758789,,,,,,
2023-07-13,40.15700912475586,,,,,,
2023-07-14,37.74127578735352,,,,,,
2023-07-17,37.36268615722656,,,,,,
2023-07-18,34.4602165222168,,,,,,
2023-07-19,35.244422912597656,,,,,,
2023-07-20,34.721614837646484,,,,,,
2023-07-21,34.91090774536133,,,,,,
2023-07-24,38.09281921386719,,,,,,
2023-07-25,38.09281921386719,,,,,,
2023-07-26,39.97672653198242,,,,,,
2023-07-27,38.273094177246094,,,,,,
2023-07-28,43.86173248291016,,,,,,
2023-07-31,44.42960739135742,,,,,,
2023-08-01,42.08598709106445,,,,,,
2023-08-02,38.246055603027344,,,,,,
2023-08-03,41.30177688598633,,,,,,
2023-08-04,40.54460144042969,,,,,,
2023-08-07,39.33674240112305,,,,,,
2023-08-08,37.71424102783203,,,,,,
2023-08-09,38.255069732666016,,,,,,
2023-08-10,39.039283752441406,,,,,,
2023-08-11,35.74919509887695,,,,,,
2023-08-14,35.532867431640625,,,,,,
2023-08-15,34.06360626220703,,,,,,
2023-08-16,32.84671401977539,,,,,,
2023-08-17,33.504737854003906,,,,,,
2023-08-18,31.12506484985352,,,,,,
2023-08-21,31.098018646240234,,,,,,
2023-08-22,31.43153381347656,,,,,,
2023-08-23,32.57630157470703,,,,,,
2023-08-24,32.855735778808594,,,,,,
2023-08-25,32.57630157470703,,,,,,
2023-08-28,34.361053466796875,,,,,,
2023-08-29,36.52439498901367,,,,,,
2023-08-30,35.9384880065918,,,,,,
2023-08-31,35.27146530151367,,,,,,
2023-09-01,37.68720245361328,,,,,,
2023-09-05,35.68610382080078,,,,,,
2023-09-06,35.58694839477539,,,,,,
2023-09-07,32.62137222290039,,,,,,
2023-09-08,32.23377227783203,,,,,,
2023-09-11,33.351497650146484,,,,,,
2023-09-12,33.207275390625,,,,,,
2023-09-13,32.73855209350586,,,,,,
2023-09-14,33.07206726074219,,,,,,
2023-09-15,32.61236572265625,,,,,,
2023-09-18,32.468135833740234,,,,,,
2023-09-19,32.12845993041992,,,,,,
2023-09-20,31.18643951416016,,,,,,
2023-09-21,29.85492706298828,,,,,,
2023-09-22,32.01070785522461,,,,,,
2023-09-25,31.539697647094727,,,,,,
2023-09-26,30.688257217407227,,,,,,
2023-09-27,31.023401260375977,,,,,,
2023-09-28,30.80600547790528,,,,,,
2023-09-29,31.657453536987305,,,,,,
2023-10-02,31.61215782165528,,,,,,
2023-10-03,30.32593536376953,,,,,,
2023-10-04,29.719057083129883,,,,,,
2023-10-05,29.981733322143555,,,,,,
2023-10-06,32.09223556518555,,,,,,
2023-10-09,31.965425491333008,,,,,,
2023-10-10,34.14838409423828,,,,,,
2023-10-11,34.555992126464844,,,,,,
2023-10-12,31.938247680664062,,,,,,
2023-10-13,31.18643951416016,,,,,,
2023-10-16,31.66650390625,,,,,,
2023-10-17,30.833181381225582,,,,,,
2023-10-18,29.53789710998535,,,,,,
2023-10-19,28.559642791748047,,,,,,
2023-10-20,27.5542106628418,,,,,,
2023-10-23,28.06145477294922,,,,,,
2023-10-24,30.38934326171875,,,,,,
2023-10-25,28.82232093811035,,,,,,
2023-10-26,28.831377029418945,,,,,,
2023-10-27,29.22992897033692,,,,,,
2023-10-30,29.49260711669922,,,,,,
2023-10-31,28.251672744750977,,,,,,
2023-11-01,28.097686767578125,,,,,,
2023-11-02,28.70456886291504,,,,,,
2023-11-03,31.005279541015625,,,,,,
2023-11-06,31.24985313415528,,,,,,
2023-11-07,31.104921340942383,,,,,,
2023-11-08,31.086803436279297,,,,,,
2023-11-09,29.84586906433105,,,,,,
2023-11-10,29.963623046875,,,,,,
2023-11-13,30.66107940673828,,,,,,
2023-11-14,31.883907318115234,,,,,,
2023-11-15,34.05780029296875,,,,,,
2023-11-16,31.33136749267578,,,,,,
2023-11-17,31.55780982971192,,,,,,
2023-11-20,33.876644134521484,,,,,,
2023-11-21,32.20998764038086,,,,,,
2023-11-22,32.49077606201172,,,,,,
2023-11-24,33.469032287597656,,,,,,
2023-11-27,32.26433181762695,,,,,,
2023-11-28,32.94367980957031,,,,,,
2023-11-29,31.7117977142334,,,,,,
2023-11-30,32.33679962158203,,,,,,
2023-12-01,31.403827667236328,,,,,,
2023-12-04,29.764345169067383,,,,,,
2023-12-05,29.383913040161133,,,,,,
2023-12-06,29.32050514221192,,,,,,
2023-12-07,29.719057083129883,,,,,,
2023-12-08,29.13934898376465,,,,,,
2023-12-11,29.456377029418945,,,,,,
2023-12-12,30.108551025390625,,,,,,
2023-12-13,29.809633255004883,,,,,,
2023-12-14,30.57955551147461,,,,,,
2023-12-15,30.60673141479492,,,,,,
2023-12-18,29.592241287231445,,,,,,
2023-12-19,30.271589279174805,,,,,,
2023-12-20,28.586816787719727,,,,,,
2023-12-21,30.516752243041992,,,,,,
2023-12-22,28.006635665893555,,,,,,
2023-12-26,28.36522674560547,,,,,,
2023-12-27,28.32844924926757,,,,,,
2023-12-28,29.81796646118164,,,,,,
2023-12-29,30.636280059814453,,,,,,
2024-01-02,28.49394989013672,,,,,,
2024-01-03,29.37662696838379,,,,,,
2024-01-04,28.7697868347168,,,,,,
2024-01-05,28.071001052856445,,,,,,
2024-01-08,27.464157104492188,,,,,,
2024-01-09,26.56309127807617,,,,,,
2024-01-10,26.32402992248535,,,,,,
2024-01-11,27.41818618774414,,,,,,
2024-01-12,27.04120826721192,,,,,,
2024-01-16,24.92646026611328,,,,,,
2024-01-17,23.63922119140625,,,,,,
2024-01-18,23.427743911743164,,,,,,
2024-01-19,23.5380802154541,,,,,,
2024-01-22,22.214061737060547,,,,,,
2024-01-23,24.328813552856445,,,,,,
2024-01-24,25.763166427612305,,,,,,
2024-01-25,25.275856018066406,,,,,,
2024-01-26,24.75176429748535,,,,,,
2024-01-29,23.519689559936523,,,,,,
2024-01-30,22.563457489013672,,,,,,
2024-01-31,22.48990249633789,,,,,,
2024-02-01,23.050769805908203,,,,,,
2024-02-02,21.97500228881836,,,,,,
2024-02-05,22.51748275756836,,,,,,
2024-02-06,25.524105072021484,,,,,,
2024-02-07,24.448341369628903,,,,,,
2024-02-08,23.5380802154541,,,,,,
2024-02-09,24.227672576904297,,,,,,
2024-02-12,25.46894073486328,,,,,,
2024-02-13,24.071365356445312,,,,,,
2024-02-14,25.753969192504883,,,,,,
2024-02-15,25.901084899902344,,,,,,
2024-02-16,26.287254333496094,,,,,,
2024-02-20,25.450550079345703,,,,,,
2024-02-21,26.250473022460938,,,,,,
2024-02-22,26.97684669494629,,,,,,
2024-02-23,27.32623672485352,,,,,,
2024-02-26,27.077985763549805,,,,,,
2024-02-27,27.74918937683105,,,,,,
2024-02-28,26.094167709350582,,,,,,
2024-02-29,26.12175369262696,,,,,,
2024-03-01,27.307849884033203,,,,,,
2024-03-04,25.671218872070312,,,,,,
2024-03-05,24.503507614135746,,,,,,
2024-03-06,25.35860252380371,,,,,,
2024-03-07,25.07357215881348,,,,,,
2024-03-08,25.202293395996094,,,,,,
2024-03-11,26.664230346679688,,,,,,
2024-03-12,28.93528938293457,,,,,,
2024-03-13,29.55132484436035,,,,,,
2024-03-14,28.11697196960449,,,,,,
2024-03-15,27.7951602935791,,,,,,
2024-03-18,28.36522674560547,,,,,,
2024-03-19,28.13248062133789,,,,,,
2024-03-20,29.41626739501953,,,,,,
2024-03-21,28.40032386779785,,,,,,
2024-03-22,27.60603713989257,,,,,,
2024-03-25,27.2920150756836,,,,,,
2024-03-26,27.21813201904297,,,,,,
2024-03-27,27.2920150756836,,,,,,
2024-03-28,27.642980575561523,,,,,,
2024-04-01,28.843645095825195,,,,,,
2024-04-02,29.065305709838867,,,,,,
2024-04-03,28.78822898864746,,,,,,
2024-04-04,28.16942596435547,,,,,,
2024-04-05,28.178661346435547,,,,,,
2024-04-08,28.39108657836914,,,,,,
2024-04-09,29.32391166687012,,,,,,
2024-04-10,29.13918876647949,,,,,,
2024-04-11,29.60098457336425,,,,,,
2024-04-12,27.02417755126953,,,,,,
2024-04-15,26.78404426574707,,,,,,
2024-04-16,25.98052215576172,,,,,,
2024-04-17,25.80504035949707,,,,,,
2024-04-18,26.22065544128418,,,,,,
2024-04-19,25.91587257385254,,,,,,
2024-04-22,28.021652221679688,,,,,,
2024-04-23,29.6102237701416,,,,,,
2024-04-24,31.004838943481445,,,,,,
2024-04-25,31.097198486328125,,,,,,
2024-04-26,32.7873649597168,,,,,,
2024-04-29,32.42716598510742,,,,,,
2024-04-30,30.68158721923828,,,,,,
2024-05-01,30.97713279724121,,,,,,
2024-05-02,35.77055358886719,,,,,,
2024-05-03,36.888092041015625,,,,,,
2024-05-06,36.4078254699707,,,,,,
2024-05-07,34.7453727722168,,,,,,
2024-05-08,34.29281234741211,,,,,,
2024-05-09,35.613548278808594,,,,,,
2024-05-10,35.4842414855957,,,,,,
2024-05-13,38.20882415771485,,,,,,
2024-05-14,37.45148086547852,,,,,,
2024-05-15,38.31965255737305,,,,,,
2024-05-16,40.38849258422852,,,,,,
2024-05-17,40.62862396240234,,,,,,
2024-05-20,39.76969146728516,,,,,,
2024-05-21,37.83015441894531,,,,,,
2024-05-22,36.83268356323242,,,,,,
2024-05-23,34.87466812133789,,,,,,
2024-05-24,34.671485900878906,,,,,,
2024-05-28,34.63453674316406,,,,,,
2024-05-29,33.69247817993164,,,,,,
2024-05-30,34.58836364746094,,,,,,
2024-05-31,33.129093170166016,,,,,,
2024-06-03,32.95361328125,,,,,,
2024-06-04,32.95361328125,,,,,,
2024-06-05,34.006500244140625,,,,,,
2024-06-06,34.24663543701172,,,,,,
2024-06-07,32.196266174316406,,,,,,
2024-06-10,32.80583190917969,,,,,,
2024-06-11,32.37174987792969,,,,,,
2024-06-12,32.57494354248047,,,,,,
2024-06-13,32.95361328125,,,,,,
2024-06-14,31.91919708251953,,,,,,
2024-06-17,32.38098907470703,,,,,,
2024-06-18,32.05772399902344,,,,,,
2024-06-20,31.679059982299805,,,,,,
2024-06-21,30.94018745422364,,,,,,
2024-06-24,31.18955421447754,,,,,,
2024-06-25,30.25887489318848,,,,,,
2024-06-26,30.22175407409668,,,,,,
2024-06-27,28.5608139038086,,,,,,
2024-06-28,28.171092987060547,,,,,,
2024-07-01,28.301000595092773,,,,,,
2024-07-02,28.718555450439453,,,,,,
2024-07-03,30.490846633911133,,,,,,
2024-07-05,29.303131103515625,,,,,,
2024-07-08,28.718555450439453,,,,,,
2024-07-09,30.13824462890625,,,,,,
2024-07-10,30.00834083557129,,,,,,
2024-07-11,31.446590423583984,,,,,,
2024-07-12,31.80846405029297,,,,,,
2024-07-15,29.674293518066406,,,,,,
2024-07-16,29.39592361450196,,,,,,
2024-07-17,28.764949798583984,,,,,,
2024-07-18,28.04118728637696,,,,,,
2024-07-19,27.62363243103028,,,,,,
2024-07-22,28.996925354003903,,,,,,
2024-07-23,27.939117431640625,,,,,,
2024-07-24,26.825634002685547,,,,,,
2024-07-25,26.31529235839844,,,,,,
2024-07-26,26.65861320495605,,,,,,
2024-07-29,26.72356605529785,,,,,,
2024-07-30,25.842060089111328,,,,,,
2024-07-31,26.72356605529785,,,,,,
2024-08-01,25.49873733520508,,,,,,
2024-08-02,24.91415786743164,,,,,,
2024-08-05,25.201807022094727,,,,,,
2024-08-06,25.795663833618164,,,,,,
2024-08-07,25.34099006652832,,,,,,
2024-08-08,26.70500946044922,,,,,,
2024-08-09,26.30601119995117,,,,,,
2024-08-12,26.78852081298828,,,,,,
2024-08-13,26.78852081298828,,,,,,
2024-08-14,25.58224868774414,,,,,,
2024-08-15,26.408079147338867,,,,,,
2024-08-16,27.50300407409668,,,,,,
2024-08-19,28.18964958190918,,,,,,
2024-08-20,25.81422233581543,,,,,,
2024-08-21,26.60293769836425,,,,,,
2024-08-22,25.675037384033203,,,,,,
2024-08-23,26.17610549926757,,,,,,
2024-08-26,24.48732185363769,,,,,,
2024-08-27,24.431650161743164,,,,,,
2024-08-28,22.937726974487305,,,,,,
2024-08-29,24.06976890563965,,,,,,
2024-08-30,24.67290496826172,,,,,,
2024-09-03,24.311023712158203,,,,,,
2024-09-04,24.264625549316406,,,,,,
2024-09-05,24.30174446105957,,,,,,
2024-09-06,23.87491035461425,,,,,,
2024-09-09,24.04193115234375,,,,,,
2024-09-10,23.865629196166992,,,,,,
2024-09-11,24.36669540405273,,,,,,
2024-09-12,24.38525581359864,,,,,,
2024-09-13,24.08832550048828,,,,,,
2024-09-16,24.33885765075684,,,,,,
2024-09-17,24.997671127319336,,,,,,
2024-09-18,24.68218231201172,,,,,,
2024-09-19,26.918426513671875,,,,,,
2024-09-20,26.640056610107425,,,,,,
2024-09-23,27.521560668945312,,,,,,
2024-09-24,33.213111877441406,,,,,,
2024-09-25,31.510114669799805,,,,,,
2024-09-26,38.75948715209961,,,,,,
2024-09-27,41.783935546875,,,,,,
2024-09-30,41.98866653442383,,,,,,
2024-10-01,47.06974792480469,,,,,,
2024-10-02,53.03489303588867,,,,,,
2024-10-03,49.85224151611328,,,,,,
2024-10-04,53.072113037109375,,,,,,
2024-10-07,54.31911849975586,,,,,,
2024-10-08,43.775421142578125,,,,,,
2024-10-09,42.56564331054688,,,,,,
2024-10-10,42.75175857543945,,,,,,
2024-10-11,43.46831893920898,,,,,,
2024-10-14,41.16974258422852,,,,,,
2024-10-15,35.90254592895508,,,,,,
2024-10-16,36.96343231201172,,,,,,
2024-10-17,34.24607467651367,,,,,,
2024-10-18,37.17747116088867,,,,,,
2024-10-21,36.36784744262695,,,,,,
2024-10-22,37.49386978149414,,,,,,
2024-10-23,36.405067443847656,,,,,,
2024-10-24,35.45585632324219,,,,,,
2024-10-25,36.11658477783203,,,,,,
2024-10-28,38.36863708496094,,,,,,
2024-10-29,37.72652816772461,,,,,,
2024-10-30,36.76799774169922,,,,,,
2024-10-31,36.34923553466797,,,,,,
2024-11-01,36.19103240966797,,,,,,
2024-11-04,37.019264221191406,,,,,,
2024-11-05,38.72226333618164,,,,,,
2024-11-06,37.13093948364258,,,,,,
2024-11-07,40.7881965637207,,,,,,
2024-11-08,35.4837760925293,,,,,,
2024-11-11,35.716426849365234,,,,,,
2024-11-12,32.47793960571289,,,,,,
2024-11-13,32.1057014465332,,,,,,
2024-11-14,31.08203887939453,,,,,,
2024-11-15,31.62178421020508,,,,,,
2024-11-18,32.77573013305664,,,,,,
2024-11-19,32.42210388183594,,,,,,
2024-11-20,33.56673812866211,,,,,,
2024-11-21,32.459327697753906,,,,,,
2024-11-22,30.616737365722656,,,,,,
2024-11-25,30.9238338470459,,,,,,
2024-11-26,30.83077621459961,,,,,,
2024-11-27,32.8594856262207,,,,,,
2024-11-29,32.57099533081055,,,,,,
2024-12-02,33.26894760131836,,,,,,
2024-12-03,33.231719970703125,,,,,,
2024-12-04,32.16153717041016,,,,,,
2024-12-05,32.38488006591797,,,,,,
2024-12-06,33.07352066040039,,,,,,
2024-12-09,39.71800231933594,,,,,,
2024-12-10,35.93976974487305,,,,,,
2024-12-11,34.97194290161133,,,,,,
2024-12-12,35.04639434814453,,,,,,
2024-12-13,33.98551177978516,,,,,,
2024-12-16,32.208065032958984,,,,,,
2024-12-17,33.47367858886719,,,,,,
2024-12-18,31.91027069091797,,,,,,
2024-12-19,31.938188552856445,,,,,,
2024-12-20,32.282508850097656,,,,,,
2024-12-23,32.353599548339844,,,,,,
2024-12-24,32.58414077758789,,,,,,
2024-12-26,32.66099548339844,,,,,,
2024-12-27,31.652347564697266,,,,,,
2024-12-30,30.40354347229004,,,,,,
2024-12-31,30.67251777648925,,,,,,
2025-01-02,29.56780815124512,,,,,,
2025-01-03,30.09614562988281,,,,,,
2025-01-06,29.10671043395996,,,,,,
2025-01-07,28.73206901550293,,,,,,
2025-01-08,28.520734786987305,,,,,,
2025-01-10,26.62831687927246,,,,,,
2025-01-13,26.99335289001465,,,,,,
2025-01-14,28.4534912109375,,,,,,
2025-01-15,29.193164825439453,,,,,,
2025-01-16,29.05867958068848,,,,,,
2025-01-17,30.826215744018555,,,,,,
2025-01-21,31.09518814086914,,,,,,
2025-01-22,30.730154037475582,,,,,,
2025-01-23,30.88385391235352,,,,,,
2025-01-24,33.12208938598633,,,,,,
2025-01-27,33.70806884765625,,,,,,
2025-01-28,35.43717956542969,,,,,,
2025-01-29,34.659080505371094,,,,,,
2025-01-30,37.26235580444336,,,,,,
2025-01-31,34.659080505371094,,,,,,
2025-02-03,33.82334518432617,,,,,,
2025-02-04,35.94630432128906,,,,,,
2025-02-05,34.390106201171875,,,,,,
2025-02-06,35.69654846191406,,,,,,
2025-02-07,37.00299072265625,,,,,,
2025-02-10,39.529415130615234,,,,,,
2025-02-11,37.91557312011719,,,,,,
2025-02-12,40.0289306640625,,,,,,
2025-02-13,41.60434722900391,,,,,,
2025-02-14,44.4189567565918,,,,,,
2025-02-18,44.51501083374024,,,,,,
2025-02-19,42.83393478393555,,,,,,
2025-02-20,44.3613166809082,,,,,,
2025-02-21,46.88774108886719,,,,,,
2025-02-24,41.04718780517578,,,,,,
2025-02-25,41.27773666381836,,,,,,
2025-02-26,43.23739242553711,,,,,,
2025-02-27,41.911746978759766,,,,,,
2025-02-28,40.0001106262207,,,,,,
2025-03-03,38.62643051147461,,,,,,
2025-03-04,40.63411712646485,,,,,,
2025-03-05,46.43624877929688,,,,,,
2025-03-06,46.97419357299805,,,,,,
2025-03-07,47.15671157836914,,,,,,
2025-03-10,43.16054534912109,,,,,,
2025-03-11,45.12981033325195,,,,,,
2025-03-12,43.93864440917969,,,,,,
2025-03-13,43.85218811035156,,,,,,
2025-03-14,46.3690071105957,,,,,,
2025-03-17,50.26911926269531,,,,,,
2025-03-18,49.03952407836914,,,,,,
2025-03-19,48.61685180664063,,,,,,
2025-03-20,45.09138488769531,,,,,,
2025-03-21,43.27581787109375,,,,,,
2025-03-24,43.487152099609375,,,,,,
2025-03-25,42.23835372924805,,,,,,
2025-03-26,42.757083892822266,,,,,,
2025-03-27,44.68792724609375,,,,,,
2025-03-28,41.76765060424805,,,,,,
2025-03-31,41.36419296264648,,,,,,
2025-04-01,41.78686141967773,,,,,,
2025-04-02,41.55631256103516,,,,,,
2025-04-03,40.58608627319336,,,,,,
2025-04-04,33.064456939697266,,,,,,
2025-04-07,28.818527221679688,,,,,,
2025-04-08,26.6955623626709,,,,,,
2025-04-09,29.952054977416992,,,,,,
2025-04-10,29.25080299377441,,,,,,
2025-04-11,31.02794647216797,,,,,,
2025-04-14,32.45926284790039,,,,,,
2025-04-15,32.161476135253906,,,,,,
2025-04-16,30.221025466918945,,,,,,
2025-04-17,30.24984359741211,,,,,,
2025-04-21,30.34590721130371,,,,,,
2025-04-22,32.343990325927734,,,,,,
2025-04-23,33.880977630615234,,,,,,
2025-04-24,34.005863189697266,,,,,,
2025-04-25,33.86177062988281,,,,,,
2025-04-28,33.86177062988281,,,,,,
2025-04-29,34.21719741821289,,,,,,
2025-04-30,34.044281005859375,,,,,,
2025-05-01,34.09231948852539,,,,,,
2025-05-02,37.18550109863281,,,,,,
2025-05-05,37.2719612121582,,,,,,
2025-05-06,37.9924201965332,,,,,,
2025-05-07,35.84064102172852,,,,,,
2025-05-08,36.66676712036133,,,,,,
2025-05-09,35.590877532958984,,,,,,
2025-05-12,39.529415130615234,,,,,,
2025-05-13,39.40453338623047,,,,,,
2025-05-14,40.63411712646485,,,,,,
2025-05-15,38.50155258178711,,,,,,
2025-05-16,38.40548706054688,,,,,,
2025-05-19,38.53997039794922,,,,,,
2025-05-20,38.48233795166016,,,,,,
2025-05-21,37.51211166381836,,,,,,
2025-05-22,37.08944320678711,,,,,,
2025-05-23,37.34880828857422,,,,,,
2025-05-27,36.71480178833008,,,,,,
2025-05-28,36.003944396972656,,,,,,
2025-05-29,36.99337768554688,,,,,,
2025-05-30,34.88962936401367,,,,,,
2025-06-02,35.81182098388672,,,,,,
2025-06-03,35.80221176147461,,,,,,
2025-06-04,37.416053771972656,,,,,,
2025-06-05,38.08848190307617,,,,,,
2025-06-06,38.15573120117188,,,,,,
2025-06-09,39.78877258300781,,,,,,
2025-06-10,39.59665298461914,,,,,,
2025-06-11,39.490989685058594,,,,,,
2025-06-12,39.43334579467773,,,,,,
2025-06-13,37.48329544067383,,,,,,
2025-06-16,39.27964782714844,,,,,,
2025-06-17,38.27099990844727,,,,,,
2025-06-18,37.28156661987305,,,,,,
2025-06-20,35.888668060302734,,,,,,
2025-06-23,36.59952926635742,,,,,,
2025-06-24,38.85697937011719,,,,,,
2025-06-25,38.27099990844727,,,,,,
2025-06-26,38.04045104980469,,,,,,
2025-06-27,38.39588165283203,,,,,,
2025-06-30,38.0500602722168,,,,,,
2025-07-01,38.08848190307617,,,,,,
2025-07-02,37.02219772338867,,,,,,
2025-07-03,36.38819122314453,,,,,,
2025-07-07,37.01258850097656,,,,,,
2025-07-08,38.25178909301758,,,,,,
2025-07-09,37.22393035888672,,,,,,
2025-07-10,37.35841751098633,,,,,,
2025-07-11,36.9549560546875,,,,,,
2025-07-14,37.81950759887695,,,,,,
2025-07-15,40.80702972412109,,,,,,
2025-07-16,40.0577507019043,,,,,,
2025-07-17,40.91270065307617,,,,,,
2025-07-18,42.03662109375,,,,,,
2025-07-21,41.83489227294922,,,,,,
2025-07-22,42.47850799560547,,,,,,
2025-07-23,43.93864440917969,,,,,,
2025-07-24,42.9107780456543,,,,,,
2025-07-25,42.21914291381836,,,,,,
2025-07-28,41.5947380065918,,,,,,
2025-07-29,40.90309524536133,,,,,,
2025-07-30,39.48137664794922,,,,,,
2025-07-31,40.16341781616211,,,,,,
2025-08-01,38.0500602722168,,,,,,
2025-08-04,39.66389846801758,,,,,,
2025-08-05,40.11538696289063,,,,,,
2025-08-06,41.22970199584961,,,,,,
2025-08-07,40.99915313720703,,,,,,
2025-08-08,40.86466979980469,,,,,,
2025-08-11,40.17302703857422,,,,,,
2025-08-12,41.92134475708008,,,,,,
2025-08-13,45.03375244140625,,,,,,
2025-08-14,42.61299514770508,,,,,,
2025-08-15,43.85218811035156,,,,,,
2025-08-18,44.59186172485352,,,,,,
2025-08-19,43.784950256347656,,,,,,
2025-08-20,43.71770095825195,,,,,,
2025-08-21,44.37092208862305,,,,,,
2025-08-22,46.68600845336914,,,,,,
2025-08-25,47.00301742553711,,,,,,
2025-08-26,46.92616271972656,,,,,,
2025-08-27,44.34210205078125,,,,,,
2025-08-28,44.6110725402832,,,,,,
2025-08-29,46.06161117553711,,,,,,
2025-09-02,46.18649291992188,,,,,,
2025-09-03,46.2441291809082,,,,,,
2025-09-04,45.5524787902832,,,,,,
2025-09-05,46.561134338378906,,,,,,
2025-09-08,48.107723236083984,,,,,,
2025-09-09,50.28832626342773,,,,,,
2025-09-10,49.952110290527344,,,,,,
2025-09-11,52.3248405456543,,,,,,
2025-09-12,51.873348236083984,,,,,,
2025-09-15,52.757110595703125,,,,,,
2025-09-16,53.95788192749024,,,,,,
2025-09-17,57.07028579711914,,,,,,
2025-09-18,55.29314422607422,,,,,,
2025-09-19,54.60150146484375,,,,,,
2025-09-22,53.95788192749024,,,,,,
2025-09-23,51.83491897583008,,,,,,
2025-09-24,54.31331634521485,,,,,,
2025-09-25,54.47661590576172,,,,,,
2025-09-26,52.90120697021485,,,,,,
2025-09-29,55.16826248168945,,,,,,
2025-09-30,55.28353500366211,,,,,,
2025-10-01,56.45549011230469,,,,,,
2025-10-02,57.76193237304688,,,,,,
2025-10-03,56.91659164428711,,,,,,
2025-10-06,57.58901977539063,,,,,,
2025-10-07,55.44684600830078,,,,,,
2025-10-08,55.97518539428711,,,,,,
2025-10-09,53.42954635620117,,,,,,
2025-10-10,45.85988235473633,,,,,,
2025-10-13,49.250858306884766,,,,,,
2025-10-14,47.46410751342773,,,,,,
2025-10-15,48.73212814331055,,,,,,
2025-10-16,48.37670135498047,,,,,,
2025-10-17,48.31906127929688,,,,,,
2025-10-20,50.422813415527344,,,,,,
2025-10-21,49.35652923583984,,,,,,
2025-10-22,48.12693405151367,,,,,,
2025-10-23,50.14423370361328,,,,,,
2025-10-24,50.85508728027344,,,,,,
2025-10-27,52.74750900268555,,,,,,
2025-10-28,51.99822616577149,,,,,,
2025-10-29,52.25759506225586,,,,,,
2025-10-30,49.78880310058594,,,,,,
2025-10-31,49.14519119262695,,,,,,
2025-11-03,49.14519119262695,,,,,,
2025-11-04,46.935768127441406,,,,,,
2025-11-05,47.61781311035156,,,,,,
2025-11-06,47.98284530639648,,,,,,
2025-11-07,46.67640686035156,,,,,,
2025-11-10,48.74173355102539,,,,,,
2025-11-11,48.13654327392578,,,,,,
2025-11-12,47.52174758911133,,,,,,
2025-11-13,46.32097625732422,,,,,,
2025-11-14,44.86083984375,,,,,,
2025-11-17,44.08273696899414,,,,,,
2025-11-18,43.90022277832031,,,,,,
2025-11-19,42.64180755615234,,,,,,
2025-11-20,40.22105407714844,,,,,,
2025-11-21,40.73018264770508,,,,,,
2025-11-24,43.06448745727539,,,,,,
2025-11-25,43.47754669189453,,,,,,
2025-11-26,43.0068473815918,,,,,,
2025-11-28,43.04527282714844,,,,,,
2025-12-01,44.08273696899414,,,,,,
2025-12-02,43.1317253112793,,,,,,
2025-12-03,42.03662109375,,,,,,
2025-12-04,42.0654411315918,,,,,,
2025-12-05,43.04527282714844,,,,,,
2025-12-08,42.90117645263672,,,,,,
2025-12-09,41.95016860961914,,,,,,
2025-12-10,42.14228820800781,,,,,,
2025-12-11,41.73883056640625,,,,,,
2025-12-12,41.38340377807617,,,,,,
2025-12-15,39.97129440307617,,,,,,
2025-12-16,39.72153472900391,,,,,,
2025-12-17,39.049102783203125,,,,,,
2025-12-18,39.83681106567383,,,,,,
2025-12-19,40.48042297363281,,,,,,
2025-12-22,41.23931121826172,,,,,,
2025-12-23,40.80702972412109,,,,,,
2025-12-24,40.62451553344727,,,,,,
2025-12-26,41.38340377807617,,,,,,
2025-12-29,40.53805923461914,,,,,,
2025-12-30,40.35553741455078,,,,,,
2025-12-31,39.57896041870117,,,,,,
2026-01-02,43.2201042175293,,,,,,
2026-01-05,45.144287109375,,,,,,
2026-01-06,44.83839416503906,,,,,,
2026-01-07,42.77606201171875,,,,,,
2026-01-08,43.75295639038086,,,,,,
2026-01-09,43.585205078125,,,,,,
2026-01-12,47.85787963867188,,,,,,
2026-01-13,46.06197738647461,,,,,,
2026-01-14,45.83502197265625,,,,,,
2026-01-15,44.73971939086914,,,,,,
2026-01-16,43.01288986206055,,,,,,
2026-01-20,41.22684860229492,,,,,,
2026-01-21,42.70698928833008,,,,,,
2026-01-22,43.39772033691406,,,,,,
2026-01-23,43.24971008300781,,,,,,
2026-01-26,43.121429443359375,,,,,,
2026-01-27,43.36812210083008,,,,,,
2026-01-28,43.8318977355957,,,,,,
2026-01-29,44.27593994140625,,,,,,
2026-01-30,42.04586410522461,,,,,,
2026-02-02,41.35512924194336,,,,,,
2026-02-03,39.85525131225586,,,,,,
2026-02-04,37.42782211303711,,,,,,
2026-02-05,37.339012145996094,,,,,,
2026-02-06,39.430946350097656,,,,,,
2026-02-09,39.401344299316406,,,,,,
2026-02-10,39.430946350097656,,,,,,
2026-02-11,38.91783142089844,,,,,,
2026-02-12,35.94768142700195,,,,,,
2026-02-13,35.99701690673828,,,,,,
2026-02-17,35.81940078735352,,,,,,
2026-02-18,36.135162353515625,,,,,,
2026-02-19,35.82927322387695,,,,,,
2026-02-20,35.661521911621094,,,,,,
2026-02-23,34.714229583740234,,,,,,
2026-02-24,34.664894104003906,,,,,,
2026-02-25,34.70436477661133,,,,,,
2026-02-26,33.05647659301758,,,,,,
2026-02-27,32.119049072265625,,,,,,
2026-03-02,31.309907913208008,,,,,,
2026-03-03,29.58307647705078,,,,,,
2026-03-04,29.97777938842773,,,,,,
2026-03-05,28.68512535095215,,,,,,
2026-03-06,29.33638572692871,,,,,,
2026-03-09,30.944807052612305,,,,,,
2026-03-10,31.842758178710938,,,,,,
2026-03-11,30.737586975097656,,,,,,
2026-03-12,29.8593692779541,,,,,,
2026-03-13,30.115928649902344,,,,,,
2026-03-16,31.16189384460449,,,,,,
2026-03-17,30.60930824279785,,,,,,
2026-03-18,28.70486068725586,,,,,,
2026-03-19,27.94505500793457,,,,,,
2026-03-20,26.25769424438477,,,,,,
2026-03-23,26.682003021240234,,,,,,
2026-03-24,26.41526222229004,,,,,,
2026-03-25,27.93807029724121,,,,,,
2026-03-26,26.14653205871582,,,,,,
2026-03-27,25.57921028137207,,,,,,
2026-03-30,25.330385208129883,,,,,,
2026-03-31,26.644182205200195,,,,,,
2026-04-01,26.315732955932617,,,,,,
2026-04-02,25.86784744262696,,,,,,
2026-04-06,26.04700088500977,,,,,,
2026-04-07,25.8081283569336,,,,,,
2026-04-08,27.7589168548584,,,,,,
2026-04-09,27.13187789916992,,,,,,
2026-04-10,27.01244163513184,,,,,,
2026-04-13,27.002487182617188,,,,,,
2026-04-14,28.21675491333008,,,,,,
2026-04-15,28.67459297180176,,,,,,
2026-04-16,29.699752807617188,,,,,,
2026-04-17,30.20735549926757,,,,,,
2026-04-20,29.92867088317871,,,,,,
2026-04-21,28.16698837280273,,,,,,
2026-04-22,27.86840057373047,,,,,,
2026-04-23,26.27591896057129,,,,,,
2026-04-24,27.092065811157227,,,,,,
2026-04-27,26.21620178222656,,,,,,
2026-04-28,25.70859909057617,,,,,,
2026-04-29,25.50953865051269,,,,,,
2026-04-30,26.85319328308105,,,,,,
2026-05-01,26.9029598236084,,,,,,
2026-05-04,26.584461212158203,,,,,,
2026-05-05,26.46502685546875,,,,,,
2026-05-06,28.714405059814453,,,,,,
2026-05-07,28.236661911010746,,,,,,
2026-05-08,28.286426544189453,,,,,,
2026-05-11,28.366050720214844,,,,,,
2026-05-12,27.49018669128418,,,,,,
2026-05-13,30.1774959564209,,,,,,
2026-05-14,27.4603271484375,,,,,,
2026-05-15,25.53939819335937,,,,,,
2026-05-18,25.270666122436523,,,,,,
2026-05-19,25.73845863342285,,,,,,
2026-05-20,25.37019729614257,,,,,,
2026-05-21,24.50428581237793,,,,,,
2026-05-22,23.24025535583496,,,,,,
2026-05-26,23.827482223510746,,,,,,
2026-05-27,23.439313888549805,,,,,,
2026-05-28,22.77246284484864,,,,,,
2026-05-29,22.97152328491211,,,,,,
2026-06-01,23.956871032714844,,,,,,
2026-06-02,25.60906791687012,,,,,,
2026-06-03,23.63837432861328,,,,,,
2026-06-04,23.439313888549805,,,,,,
2026-06-05,22.16533088684082,,,,,,
2026-06-08,21.71744537353516,,,,,,
2026-06-09,21.85678672790528,,,,,,
2026-06-10,22.21509552001953,,,,,,
2026-06-11,22.483827590942383,,,,,,
2026-06-12,22.344486236572266,,,,,,
2026-06-15,22.553497314453125,,,,,,
2026-06-16,21.279512405395508,,,,,,
2026-06-17,20.453414916992188,,,,,,
2026-06-18,20.22449493408203,,,,,,
2026-06-22,19.9060001373291,,,,,,
2026-06-23,19.049999237060547,,,,,,
2026-06-24,18.700000762939453,,,,,,
2026-06-25,17.700000762939453,,,,,,
2026-06-26,18.1299991607666,,,,,,
2026-06-29,18.670000076293945,,,,,,
2026-06-30,18.89999961853028,,,,,,
2026-07-01,19.93000030517578,,,,,,
2026-07-02,19.65999984741211,,,,,,
2026-07-06,20.66,,,,,,
2026-07-07,20.48,,,,,,
2026-07-08,21.95,,,,,,
2026-07-09,22.07,,,,,,
2026-07-10,21.93,,,,,,
2026-07-13,21.61,,,,,,
2026-07-14,21.54,,,,,,
2026-07-15,22.93,,,,,,
2026-07-16,23.71,,,,,,
2026-07-17,22.54,,,,,,
2026-07-20,23.57,,,,,,
2026-07-21,22.86,,,,,,
2026-07-22,21.88,,,,,,
2026-07-23,21.58,,,,,,
2026-07-24,21.57,,,,,,
2026-07-27,22.76,,,,,,
2026-07-28,23.28,,,,,,
2026-07-29,24.13,,,,,,
2026-07-30,24.56,,,,,,
2026-07-31,25.32,,,,,,
2026-08-03,25.76,,,,,,
2026-08-04,25.99,,,,,,
2026-08-05,25.38,,,,,,
2026-08-06,25.11,,,,,,
2026-08-07,25.53,,,,,,
2026-08-10,26.36,,,,,,
2026-08-11,24.57,,,,,,
2026-08-12,23.61,,,,,,
2026-08-13,22.4,,,,,,
2026-08-14,22.65,,,,,,
2026-08-17,22.54,,,,,,
2026-08-18,22.25,,,,,,
2026-08-19,22.98,,,,,,
2026-08-20,22.07,,,,,,
2026-08-21,22.05,,,,,,
2026-08-24,21.32,,,,,,
2026-08-25,21.6,,,,,,
2026-08-26,21.34,,,,,,
2026-08-27,21.09,,,,,,
2026-08-28,21.44,,,,,,
2026-08-31,20.57,21.33,21.41,20.57,268545.0,20.942,1136.0
2026-09-01,20.39,20.4,20.86,20.34,215046.0,20.563,870.0
